2026-09-17 10:07:23,658 INFO  com.riesgopsicosocial.RiesgoPsicosocialApiApplication - Starting RiesgoPsicosocialApiApplication using Java 17.0.16 with PID 12332 (C:\Users\gachae\Documents\Personal\Backend\riesgo-psicosocial-api\target\classes started by gachae in C:\Users\gachae\Documents\Personal\Backend\riesgo-psicosocial-api)
2026-09-17 10:07:23,675 INFO  com.riesgopsicosocial.RiesgoPsicosocialApiApplication - The following 1 profile is active: "dev"
2026-09-17 10:07:23,758 INFO  org.springframework.boot.devtools.env.DevToolsPropertyDefaultsPostProcessor - Devtools property defaults active! Set 'spring.devtools.add-properties' to 'false' to disable
2026-09-17 10:07:23,759 INFO  org.springframework.boot.devtools.env.DevToolsPropertyDefaultsPostProcessor - For additional web related logging consider setting the 'logging.level.web' property to 'DEBUG'
2026-09-17 10:07:25,418 INFO  org.springframework.data.repository.config.RepositoryConfigurationDelegate - Bootstrapping Spring Data JPA repositories in DEFAULT mode.
2026-09-17 10:07:25,580 INFO  org.springframework.data.repository.config.RepositoryConfigurationDelegate - Finished Spring Data repository scanning in 145 ms. Found 25 JPA repository interfaces.
2026-09-17 10:07:26,639 INFO  org.springframework.boot.web.embedded.tomcat.TomcatWebServer - Tomcat initialized with port 8080 (http)
2026-09-17 10:07:26,667 INFO  org.apache.catalina.core.StandardService - Starting service [Tomcat]
2026-09-17 10:07:26,668 INFO  org.apache.catalina.core.StandardEngine - Starting Servlet engine: [Apache Tomcat/10.1.55]
2026-09-17 10:07:26,758 INFO  org.apache.catalina.core.ContainerBase.[Tomcat].[localhost].[/api] - Initializing Spring embedded WebApplicationContext
2026-09-17 10:07:26,759 INFO  org.springframework.boot.web.servlet.context.ServletWebServerApplicationContext - Root WebApplicationContext: initialization completed in 2999 ms
2026-09-17 10:07:27,359 INFO  com.zaxxer.hikari.HikariDataSource - HikariPool-1 - Starting...
2026-09-17 10:07:27,778 INFO  com.zaxxer.hikari.pool.HikariPool - HikariPool-1 - Added connection org.postgresql.jdbc.PgConnection@543979ba
2026-09-17 10:07:27,781 INFO  com.zaxxer.hikari.HikariDataSource - HikariPool-1 - Start completed.
2026-09-17 10:07:27,833 INFO  org.flywaydb.core.FlywayExecutor - Database: jdbc:postgresql://localhost:5432/bateria_psicosocial (PostgreSQL 16.12)
2026-09-17 10:07:27,975 INFO  org.flywaydb.core.internal.command.DbValidate - Successfully validated 1 migration (execution time 00:00.080s)
2026-09-17 10:07:28,013 INFO  org.flywaydb.core.internal.command.DbMigrate - Current version of schema "public": 1
2026-09-17 10:07:28,026 INFO  org.flywaydb.core.internal.command.DbMigrate - Schema "public" is up to date. No migration necessary.
2026-09-17 10:07:28,215 INFO  org.hibernate.jpa.internal.util.LogHelper - HHH000204: Processing PersistenceUnitInfo [name: default]
2026-09-17 10:07:28,351 INFO  org.hibernate.Version - HHH000412: Hibernate ORM core version 6.6.53.Final
2026-09-17 10:07:28,432 INFO  org.hibernate.cache.internal.RegionFactoryInitiator - HHH000026: Second-level cache disabled
2026-09-17 10:07:29,194 INFO  org.springframework.orm.jpa.persistenceunit.SpringPersistenceUnitInfo - No LoadTimeWeaver setup: ignoring JPA class transformer
2026-09-17 10:07:29,405 INFO  org.hibernate.orm.connections.pooling - HHH10001005: Database info:
	Database JDBC URL [Connecting through datasource 'HikariDataSource (HikariPool-1)']
	Database driver: undefined/unknown
	Database version: 16.12
	Autocommit mode: undefined/unknown
	Isolation level: undefined/unknown
	Minimum pool size: undefined/unknown
	Maximum pool size: undefined/unknown
2026-09-17 10:07:32,117 INFO  org.hibernate.engine.transaction.jta.platform.internal.JtaPlatformInitiator - HHH000489: No JTA platform available (set 'hibernate.transaction.jta.platform' to enable JTA platform integration)
2026-09-17 10:07:32,285 INFO  org.springframework.orm.jpa.LocalContainerEntityManagerFactoryBean - Initialized JPA EntityManagerFactory for persistence unit 'default'
2026-09-17 10:07:34,383 INFO  org.springframework.boot.devtools.autoconfigure.OptionalLiveReloadServer - LiveReload server is running on port 35729
2026-09-17 10:07:34,450 INFO  org.springframework.boot.web.embedded.tomcat.TomcatWebServer - Tomcat started on port 8080 (http) with context path '/api'
2026-09-17 10:07:34,466 INFO  com.riesgopsicosocial.RiesgoPsicosocialApiApplication - Started RiesgoPsicosocialApiApplication in 11.721 seconds (process running for 14.064)
2026-09-17 10:07:34,470 WARN  org.springdoc.core.events.SpringDocAppInitializer - SpringDoc /v3/api-docs endpoint is enabled by default. To disable it in production, set the property 'springdoc.api-docs.enabled=false'
2026-09-17 10:07:34,470 WARN  org.springdoc.core.events.SpringDocAppInitializer - SpringDoc /swagger-ui.html endpoint is enabled by default. To disable it in production, set the property 'springdoc.swagger-ui.enabled=false'
2026-09-17 10:20:09,855 INFO  org.apache.catalina.core.ContainerBase.[Tomcat].[localhost].[/api] - Initializing Spring DispatcherServlet 'dispatcherServlet'
2026-09-17 10:20:09,856 INFO  org.springframework.web.servlet.DispatcherServlet - Initializing Servlet 'dispatcherServlet'
2026-09-17 10:20:09,857 INFO  org.springframework.web.servlet.DispatcherServlet - Completed initialization in 1 ms
2026-09-17 10:20:11,270 INFO  org.springdoc.api.AbstractOpenApiResource - Init duration for springdoc-openapi is: 990 ms
2026-09-17 10:29:18,538 INFO  org.springframework.boot.devtools.autoconfigure.LocalDevToolsAutoConfiguration$RestartingClassPathChangeChangedEventListener - Restarting due to 131 class path changes (0 additions, 131 deletions, 0 modifications)
2026-09-17 10:29:18,546 INFO  org.springframework.boot.web.embedded.tomcat.GracefulShutdown - Commencing graceful shutdown. Waiting for active requests to complete
2026-09-17 10:29:19,184 INFO  org.springframework.boot.web.embedded.tomcat.GracefulShutdown - Graceful shutdown complete
2026-09-17 10:29:19,197 INFO  org.springframework.orm.jpa.LocalContainerEntityManagerFactoryBean - Closing JPA EntityManagerFactory for persistence unit 'default'
2026-09-17 10:29:19,206 INFO  com.zaxxer.hikari.HikariDataSource - HikariPool-1 - Shutdown initiated...
2026-09-17 10:29:19,212 INFO  com.zaxxer.hikari.HikariDataSource - HikariPool-1 - Shutdown completed.
2026-09-17 10:29:19,374 INFO  com.riesgopsicosocial.RiesgoPsicosocialApiApplication - Starting RiesgoPsicosocialApiApplication using Java 17.0.16 with PID 12332 (C:\Users\gachae\Documents\Personal\Backend\riesgo-psicosocial-api\target\classes started by gachae in C:\Users\gachae\Documents\Personal\Backend\riesgo-psicosocial-api)
2026-09-17 10:29:19,375 INFO  com.riesgopsicosocial.RiesgoPsicosocialApiApplication - The following 1 profile is active: "dev"
2026-09-17 10:29:19,937 INFO  org.springframework.data.repository.config.RepositoryConfigurationDelegate - Bootstrapping Spring Data JPA repositories in DEFAULT mode.
2026-09-17 10:29:20,081 INFO  org.springframework.data.repository.config.RepositoryConfigurationDelegate - Finished Spring Data repository scanning in 142 ms. Found 3 JPA repository interfaces.
2026-09-17 10:29:20,357 INFO  org.springframework.boot.web.embedded.tomcat.TomcatWebServer - Tomcat initialized with port 8080 (http)
2026-09-17 10:29:20,359 INFO  org.apache.catalina.core.StandardService - Starting service [Tomcat]
2026-09-17 10:29:20,361 INFO  org.apache.catalina.core.StandardEngine - Starting Servlet engine: [Apache Tomcat/10.1.55]
2026-09-17 10:29:20,399 INFO  org.apache.catalina.core.ContainerBase.[Tomcat].[localhost].[/api] - Initializing Spring embedded WebApplicationContext
2026-09-17 10:29:20,399 INFO  org.springframework.boot.web.servlet.context.ServletWebServerApplicationContext - Root WebApplicationContext: initialization completed in 1020 ms
2026-09-17 10:29:20,463 INFO  com.zaxxer.hikari.HikariDataSource - HikariPool-2 - Starting...
2026-09-17 10:29:20,520 INFO  com.zaxxer.hikari.pool.HikariPool - HikariPool-2 - Added connection org.postgresql.jdbc.PgConnection@3447e6e6
2026-09-17 10:29:20,521 INFO  com.zaxxer.hikari.HikariDataSource - HikariPool-2 - Start completed.
2026-09-17 10:29:20,525 INFO  org.flywaydb.core.FlywayExecutor - Database: jdbc:postgresql://localhost:5432/bateria_psicosocial (PostgreSQL 16.12)
2026-09-17 10:29:20,559 INFO  org.flywaydb.core.internal.command.DbValidate - Successfully validated 1 migration (execution time 00:00.015s)
2026-09-17 10:29:20,630 INFO  org.flywaydb.core.internal.command.DbMigrate - Current version of schema "public": 1
2026-09-17 10:29:20,631 INFO  org.flywaydb.core.internal.command.DbMigrate - Schema "public" is up to date. No migration necessary.
2026-09-17 10:29:20,716 INFO  org.hibernate.jpa.internal.util.LogHelper - HHH000204: Processing PersistenceUnitInfo [name: default]
2026-09-17 10:29:20,719 INFO  org.hibernate.cache.internal.RegionFactoryInitiator - HHH000026: Second-level cache disabled
2026-09-17 10:29:20,734 INFO  org.springframework.orm.jpa.persistenceunit.SpringPersistenceUnitInfo - No LoadTimeWeaver setup: ignoring JPA class transformer
2026-09-17 10:29:20,750 INFO  org.hibernate.orm.connections.pooling - HHH10001005: Database info:
	Database JDBC URL [Connecting through datasource 'HikariDataSource (HikariPool-2)']
	Database driver: undefined/unknown
	Database version: 16.12
	Autocommit mode: undefined/unknown
	Isolation level: undefined/unknown
	Minimum pool size: undefined/unknown
	Maximum pool size: undefined/unknown
2026-09-17 10:29:20,941 INFO  org.hibernate.engine.transaction.jta.platform.internal.JtaPlatformInitiator - HHH000489: No JTA platform available (set 'hibernate.transaction.jta.platform' to enable JTA platform integration)
2026-09-17 10:29:20,999 INFO  org.springframework.orm.jpa.LocalContainerEntityManagerFactoryBean - Initialized JPA EntityManagerFactory for persistence unit 'default'
2026-09-17 10:29:21,026 WARN  org.springframework.boot.web.servlet.context.AnnotationConfigServletWebServerApplicationContext - Exception encountered during context initialization - cancelling refresh attempt: org.springframework.beans.factory.UnsatisfiedDependencyException: Error creating bean with name 'aplicacionController' defined in file [C:\Users\gachae\Documents\Personal\Backend\riesgo-psicosocial-api\target\classes\com\riesgopsicosocial\infrastructure\adapter\in\rest\aplicacion\AplicacionController.class]: Unsatisfied dependency expressed through constructor parameter 0: Error creating bean with name 'aplicacionService': Lookup method resolution failed
2026-09-17 10:29:21,026 INFO  org.springframework.orm.jpa.LocalContainerEntityManagerFactoryBean - Closing JPA EntityManagerFactory for persistence unit 'default'
2026-09-17 10:29:21,027 INFO  com.zaxxer.hikari.HikariDataSource - HikariPool-2 - Shutdown initiated...
2026-09-17 10:29:21,087 INFO  com.zaxxer.hikari.HikariDataSource - HikariPool-2 - Shutdown completed.
2026-09-17 10:29:21,088 INFO  org.apache.catalina.core.StandardService - Stopping service [Tomcat]
2026-09-17 10:29:21,104 INFO  org.springframework.boot.autoconfigure.logging.ConditionEvaluationReportLogger - 

Error starting ApplicationContext. To display the condition evaluation report re-run your application with 'debug' enabled.
2026-09-17 10:29:21,173 ERROR org.springframework.boot.SpringApplication - Application run failed
org.springframework.beans.factory.UnsatisfiedDependencyException: Error creating bean with name 'aplicacionController' defined in file [C:\Users\gachae\Documents\Personal\Backend\riesgo-psicosocial-api\target\classes\com\riesgopsicosocial\infrastructure\adapter\in\rest\aplicacion\AplicacionController.class]: Unsatisfied dependency expressed through constructor parameter 0: Error creating bean with name 'aplicacionService': Lookup method resolution failed
	at org.springframework.beans.factory.support.ConstructorResolver.createArgumentArray(ConstructorResolver.java:804)
	at org.springframework.beans.factory.support.ConstructorResolver.autowireConstructor(ConstructorResolver.java:240)
	at org.springframework.beans.factory.support.AbstractAutowireCapableBeanFactory.autowireConstructor(AbstractAutowireCapableBeanFactory.java:1393)
	at org.springframework.beans.factory.support.AbstractAutowireCapableBeanFactory.createBeanInstance(AbstractAutowireCapableBeanFactory.java:1230)
	at org.springframework.beans.factory.support.AbstractAutowireCapableBeanFactory.doCreateBean(AbstractAutowireCapableBeanFactory.java:569)
	at org.springframework.beans.factory.support.AbstractAutowireCapableBeanFactory.createBean(AbstractAutowireCapableBeanFactory.java:529)
	at org.springframework.beans.factory.support.AbstractBeanFactory.lambda$doGetBean$0(AbstractBeanFactory.java:339)
	at org.springframework.beans.factory.support.DefaultSingletonBeanRegistry.getSingleton(DefaultSingletonBeanRegistry.java:373)
	at org.springframework.beans.factory.support.AbstractBeanFactory.doGetBean(AbstractBeanFactory.java:337)
	at org.springframework.beans.factory.support.AbstractBeanFactory.getBean(AbstractBeanFactory.java:202)
	at org.springframework.beans.factory.support.DefaultListableBeanFactory.instantiateSingleton(DefaultListableBeanFactory.java:1235)
	at org.springframework.beans.factory.support.DefaultListableBeanFactory.preInstantiateSingleton(DefaultListableBeanFactory.java:1201)
	at org.springframework.beans.factory.support.DefaultListableBeanFactory.preInstantiateSingletons(DefaultListableBeanFactory.java:1130)
	at org.springframework.context.support.AbstractApplicationContext.finishBeanFactoryInitialization(AbstractApplicationContext.java:991)
	at org.springframework.context.support.AbstractApplicationContext.refresh(AbstractApplicationContext.java:628)
	at org.springframework.boot.web.servlet.context.ServletWebServerApplicationContext.refresh(ServletWebServerApplicationContext.java:146)
	at org.springframework.boot.SpringApplication.refresh(SpringApplication.java:752)
	at org.springframework.boot.SpringApplication.refreshContext(SpringApplication.java:439)
	at org.springframework.boot.SpringApplication.run(SpringApplication.java:318)
	at org.springframework.boot.SpringApplication.run(SpringApplication.java:1361)
	at org.springframework.boot.SpringApplication.run(SpringApplication.java:1350)
	at com.riesgopsicosocial.RiesgoPsicosocialApiApplication.main(RiesgoPsicosocialApiApplication.java:11)
	at java.base/jdk.internal.reflect.NativeMethodAccessorImpl.invoke0(Native Method)
	at java.base/jdk.internal.reflect.NativeMethodAccessorImpl.invoke(NativeMethodAccessorImpl.java:77)
	at java.base/jdk.internal.reflect.DelegatingMethodAccessorImpl.invoke(DelegatingMethodAccessorImpl.java:43)
	at java.base/java.lang.reflect.Method.invoke(Method.java:569)
	at org.springframework.boot.devtools.restart.RestartLauncher.run(RestartLauncher.java:50)
Caused by: org.springframework.beans.factory.BeanCreationException: Error creating bean with name 'aplicacionService': Lookup method resolution failed
	at org.springframework.beans.factory.annotation.AutowiredAnnotationBeanPostProcessor.checkLookupMethods(AutowiredAnnotationBeanPostProcessor.java:498)
	at org.springframework.beans.factory.annotation.AutowiredAnnotationBeanPostProcessor.determineCandidateConstructors(AutowiredAnnotationBeanPostProcessor.java:368)
	at org.springframework.beans.factory.support.AbstractAutowireCapableBeanFactory.determineConstructorsFromBeanPostProcessors(AbstractAutowireCapableBeanFactory.java:1332)
	at org.springframework.beans.factory.support.AbstractAutowireCapableBeanFactory.createBeanInstance(AbstractAutowireCapableBeanFactory.java:1227)
	at org.springframework.beans.factory.support.AbstractAutowireCapableBeanFactory.doCreateBean(AbstractAutowireCapableBeanFactory.java:569)
	at org.springframework.beans.factory.support.AbstractAutowireCapableBeanFactory.createBean(AbstractAutowireCapableBeanFactory.java:529)
	at org.springframework.beans.factory.support.AbstractBeanFactory.lambda$doGetBean$0(AbstractBeanFactory.java:339)
	at org.springframework.beans.factory.support.DefaultSingletonBeanRegistry.getSingleton(DefaultSingletonBeanRegistry.java:373)
	at org.springframework.beans.factory.support.AbstractBeanFactory.doGetBean(AbstractBeanFactory.java:337)
	at org.springframework.beans.factory.support.AbstractBeanFactory.getBean(AbstractBeanFactory.java:202)
	at org.springframework.beans.factory.config.DependencyDescriptor.resolveCandidate(DependencyDescriptor.java:254)
	at org.springframework.beans.factory.support.DefaultListableBeanFactory.doResolveDependency(DefaultListableBeanFactory.java:1777)
	at org.springframework.beans.factory.support.DefaultListableBeanFactory.resolveDependency(DefaultListableBeanFactory.java:1660)
	at org.springframework.beans.factory.support.ConstructorResolver.resolveAutowiredArgument(ConstructorResolver.java:913)
	at org.springframework.beans.factory.support.ConstructorResolver.createArgumentArray(ConstructorResolver.java:791)
	... 26 common frames omitted
Caused by: java.lang.IllegalStateException: Failed to introspect Class [com.riesgopsicosocial.infrastructure.adapter.out.persistence.aplicacion.AplicacionService] from ClassLoader [org.springframework.boot.devtools.restart.classloader.RestartClassLoader@5d79d794]
	at org.springframework.util.ReflectionUtils.getDeclaredMethods(ReflectionUtils.java:483)
	at org.springframework.util.ReflectionUtils.doWithLocalMethods(ReflectionUtils.java:320)
	at org.springframework.beans.factory.annotation.AutowiredAnnotationBeanPostProcessor.checkLookupMethods(AutowiredAnnotationBeanPostProcessor.java:476)
	... 40 common frames omitted
Caused by: java.lang.NoClassDefFoundError: com/riesgopsicosocial/shared/exception/ResourceNotFoundException
	at java.base/java.lang.Class.getDeclaredMethods0(Native Method)
	at java.base/java.lang.Class.privateGetDeclaredMethods(Class.java:3402)
	at java.base/java.lang.Class.getDeclaredMethods(Class.java:2504)
	at org.springframework.util.ReflectionUtils.getDeclaredMethods(ReflectionUtils.java:465)
	... 42 common frames omitted
Caused by: java.lang.ClassNotFoundException: com.riesgopsicosocial.shared.exception.ResourceNotFoundException
	at java.base/jdk.internal.loader.BuiltinClassLoader.loadClass(BuiltinClassLoader.java:641)
	at java.base/jdk.internal.loader.ClassLoaders$AppClassLoader.loadClass(ClassLoaders.java:188)
	at java.base/java.lang.ClassLoader.loadClass(ClassLoader.java:525)
	at java.base/java.lang.Class.forName0(Native Method)
	at java.base/java.lang.Class.forName(Class.java:467)
	at org.springframework.boot.devtools.restart.classloader.RestartClassLoader.loadClass(RestartClassLoader.java:121)
	at java.base/java.lang.ClassLoader.loadClass(ClassLoader.java:525)
	... 46 common frames omitted
2026-09-17 10:29:23,619 INFO  com.riesgopsicosocial.RiesgoPsicosocialApiApplication - Starting RiesgoPsicosocialApiApplication using Java 17.0.16 with PID 12332 (C:\Users\gachae\Documents\Personal\Backend\riesgo-psicosocial-api\target\classes started by gachae in C:\Users\gachae\Documents\Personal\Backend\riesgo-psicosocial-api)
2026-09-17 10:29:23,619 INFO  com.riesgopsicosocial.RiesgoPsicosocialApiApplication - The following 1 profile is active: "dev"
2026-09-17 10:29:24,166 INFO  org.springframework.data.repository.config.RepositoryConfigurationDelegate - Bootstrapping Spring Data JPA repositories in DEFAULT mode.
2026-09-17 10:29:24,322 INFO  org.springframework.data.repository.config.RepositoryConfigurationDelegate - Finished Spring Data repository scanning in 154 ms. Found 26 JPA repository interfaces.
2026-09-17 10:29:24,465 INFO  org.springframework.boot.web.embedded.tomcat.TomcatWebServer - Tomcat initialized with port 8080 (http)
2026-09-17 10:29:24,467 INFO  org.apache.catalina.core.StandardService - Starting service [Tomcat]
2026-09-17 10:29:24,467 INFO  org.apache.catalina.core.StandardEngine - Starting Servlet engine: [Apache Tomcat/10.1.55]
2026-09-17 10:29:24,488 INFO  org.apache.catalina.core.ContainerBase.[Tomcat-1].[localhost].[/api] - Initializing Spring embedded WebApplicationContext
2026-09-17 10:29:24,488 INFO  org.springframework.boot.web.servlet.context.ServletWebServerApplicationContext - Root WebApplicationContext: initialization completed in 865 ms
2026-09-17 10:29:24,535 INFO  com.zaxxer.hikari.HikariDataSource - HikariPool-3 - Starting...
2026-09-17 10:29:24,593 INFO  com.zaxxer.hikari.pool.HikariPool - HikariPool-3 - Added connection org.postgresql.jdbc.PgConnection@740d5b96
2026-09-17 10:29:24,594 INFO  com.zaxxer.hikari.HikariDataSource - HikariPool-3 - Start completed.
2026-09-17 10:29:24,596 INFO  org.flywaydb.core.FlywayExecutor - Database: jdbc:postgresql://localhost:5432/bateria_psicosocial (PostgreSQL 16.12)
2026-09-17 10:29:24,624 INFO  org.flywaydb.core.internal.command.DbValidate - Successfully validated 1 migration (execution time 00:00.014s)
2026-09-17 10:29:24,672 INFO  org.flywaydb.core.internal.command.DbMigrate - Current version of schema "public": 1
2026-09-17 10:29:24,673 INFO  org.flywaydb.core.internal.command.DbMigrate - Schema "public" is up to date. No migration necessary.
2026-09-17 10:29:24,742 INFO  org.hibernate.jpa.internal.util.LogHelper - HHH000204: Processing PersistenceUnitInfo [name: default]
2026-09-17 10:29:24,746 INFO  org.hibernate.cache.internal.RegionFactoryInitiator - HHH000026: Second-level cache disabled
2026-09-17 10:29:24,760 INFO  org.springframework.orm.jpa.persistenceunit.SpringPersistenceUnitInfo - No LoadTimeWeaver setup: ignoring JPA class transformer
2026-09-17 10:29:24,769 INFO  org.hibernate.orm.connections.pooling - HHH10001005: Database info:
	Database JDBC URL [Connecting through datasource 'HikariDataSource (HikariPool-3)']
	Database driver: undefined/unknown
	Database version: 16.12
	Autocommit mode: undefined/unknown
	Isolation level: undefined/unknown
	Minimum pool size: undefined/unknown
	Maximum pool size: undefined/unknown
2026-09-17 10:29:25,326 INFO  org.hibernate.engine.transaction.jta.platform.internal.JtaPlatformInitiator - HHH000489: No JTA platform available (set 'hibernate.transaction.jta.platform' to enable JTA platform integration)
2026-09-17 10:29:25,357 INFO  org.springframework.orm.jpa.LocalContainerEntityManagerFactoryBean - Initialized JPA EntityManagerFactory for persistence unit 'default'
2026-09-17 10:29:26,049 INFO  org.springframework.boot.devtools.autoconfigure.OptionalLiveReloadServer - LiveReload server is running on port 35729
2026-09-17 10:29:26,066 INFO  org.springframework.boot.web.embedded.tomcat.TomcatWebServer - Tomcat started on port 8080 (http) with context path '/api'
2026-09-17 10:29:26,073 INFO  com.riesgopsicosocial.RiesgoPsicosocialApiApplication - Started RiesgoPsicosocialApiApplication in 2.538 seconds (process running for 1325.671)
2026-09-17 10:29:26,074 WARN  org.springdoc.core.events.SpringDocAppInitializer - SpringDoc /v3/api-docs endpoint is enabled by default. To disable it in production, set the property 'springdoc.api-docs.enabled=false'
2026-09-17 10:29:26,074 WARN  org.springdoc.core.events.SpringDocAppInitializer - SpringDoc /swagger-ui.html endpoint is enabled by default. To disable it in production, set the property 'springdoc.swagger-ui.enabled=false'
2026-09-17 10:29:26,080 INFO  org.springframework.boot.devtools.autoconfigure.ConditionEvaluationDeltaLoggingListener - Condition evaluation unchanged
2026-09-17 10:41:38,005 INFO  org.springframework.boot.web.embedded.tomcat.GracefulShutdown - Commencing graceful shutdown. Waiting for active requests to complete
2026-09-17 10:41:38,283 INFO  org.springframework.boot.web.embedded.tomcat.GracefulShutdown - Graceful shutdown complete
2026-09-17 10:41:38,286 INFO  org.springframework.orm.jpa.LocalContainerEntityManagerFactoryBean - Closing JPA EntityManagerFactory for persistence unit 'default'
2026-09-17 10:41:38,287 INFO  com.zaxxer.hikari.HikariDataSource - HikariPool-3 - Shutdown initiated...
2026-09-17 10:41:38,290 INFO  com.zaxxer.hikari.HikariDataSource - HikariPool-3 - Shutdown completed.
2026-09-17 10:41:43,830 INFO  com.riesgopsicosocial.RiesgoPsicosocialApiApplication - Starting RiesgoPsicosocialApiApplication using Java 17.0.16 with PID 18736 (C:\Users\gachae\Documents\Personal\Backend\riesgo-psicosocial-api\target\classes started by gachae in C:\Users\gachae\Documents\Personal\Backend\riesgo-psicosocial-api)
2026-09-17 10:41:43,839 INFO  com.riesgopsicosocial.RiesgoPsicosocialApiApplication - The following 1 profile is active: "dev"
2026-09-17 10:41:43,961 INFO  org.springframework.boot.devtools.env.DevToolsPropertyDefaultsPostProcessor - Devtools property defaults active! Set 'spring.devtools.add-properties' to 'false' to disable
2026-09-17 10:41:43,962 INFO  org.springframework.boot.devtools.env.DevToolsPropertyDefaultsPostProcessor - For additional web related logging consider setting the 'logging.level.web' property to 'DEBUG'
2026-09-17 10:41:45,405 INFO  org.springframework.data.repository.config.RepositoryConfigurationDelegate - Bootstrapping Spring Data JPA repositories in DEFAULT mode.
2026-09-17 10:41:45,601 INFO  org.springframework.data.repository.config.RepositoryConfigurationDelegate - Finished Spring Data repository scanning in 178 ms. Found 26 JPA repository interfaces.
2026-09-17 10:41:46,783 INFO  org.springframework.boot.web.embedded.tomcat.TomcatWebServer - Tomcat initialized with port 8080 (http)
2026-09-17 10:41:46,820 INFO  org.apache.catalina.core.StandardService - Starting service [Tomcat]
2026-09-17 10:41:46,820 INFO  org.apache.catalina.core.StandardEngine - Starting Servlet engine: [Apache Tomcat/10.1.55]
2026-09-17 10:41:46,923 INFO  org.apache.catalina.core.ContainerBase.[Tomcat].[localhost].[/api] - Initializing Spring embedded WebApplicationContext
2026-09-17 10:41:46,925 INFO  org.springframework.boot.web.servlet.context.ServletWebServerApplicationContext - Root WebApplicationContext: initialization completed in 2961 ms
2026-09-17 10:41:47,410 INFO  com.zaxxer.hikari.HikariDataSource - HikariPool-1 - Starting...
2026-09-17 10:41:47,716 INFO  com.zaxxer.hikari.pool.HikariPool - HikariPool-1 - Added connection org.postgresql.jdbc.PgConnection@61cba6f5
2026-09-17 10:41:47,720 INFO  com.zaxxer.hikari.HikariDataSource - HikariPool-1 - Start completed.
2026-09-17 10:41:47,784 INFO  org.flywaydb.core.FlywayExecutor - Database: jdbc:postgresql://localhost:5432/bateria_psicosocial (PostgreSQL 16.12)
2026-09-17 10:41:47,900 INFO  org.flywaydb.core.internal.command.DbValidate - Successfully validated 1 migration (execution time 00:00.075s)
2026-09-17 10:41:47,931 INFO  org.flywaydb.core.internal.command.DbMigrate - Current version of schema "public": 1
2026-09-17 10:41:47,938 INFO  org.flywaydb.core.internal.command.DbMigrate - Schema "public" is up to date. No migration necessary.
2026-09-17 10:41:48,139 INFO  org.hibernate.jpa.internal.util.LogHelper - HHH000204: Processing PersistenceUnitInfo [name: default]
2026-09-17 10:41:48,239 INFO  org.hibernate.Version - HHH000412: Hibernate ORM core version 6.6.53.Final
2026-09-17 10:41:48,311 INFO  org.hibernate.cache.internal.RegionFactoryInitiator - HHH000026: Second-level cache disabled
2026-09-17 10:41:48,819 INFO  org.springframework.orm.jpa.persistenceunit.SpringPersistenceUnitInfo - No LoadTimeWeaver setup: ignoring JPA class transformer
2026-09-17 10:41:48,916 INFO  org.hibernate.orm.connections.pooling - HHH10001005: Database info:
	Database JDBC URL [Connecting through datasource 'HikariDataSource (HikariPool-1)']
	Database driver: undefined/unknown
	Database version: 16.12
	Autocommit mode: undefined/unknown
	Isolation level: undefined/unknown
	Minimum pool size: undefined/unknown
	Maximum pool size: undefined/unknown
2026-09-17 10:41:50,555 INFO  org.hibernate.engine.transaction.jta.platform.internal.JtaPlatformInitiator - HHH000489: No JTA platform available (set 'hibernate.transaction.jta.platform' to enable JTA platform integration)
2026-09-17 10:41:50,652 INFO  org.springframework.orm.jpa.LocalContainerEntityManagerFactoryBean - Initialized JPA EntityManagerFactory for persistence unit 'default'
2026-09-17 10:41:53,177 INFO  org.springframework.boot.devtools.autoconfigure.OptionalLiveReloadServer - LiveReload server is running on port 35729
2026-09-17 10:41:53,261 INFO  org.springframework.boot.web.embedded.tomcat.TomcatWebServer - Tomcat started on port 8080 (http) with context path '/api'
2026-09-17 10:41:53,273 INFO  com.riesgopsicosocial.RiesgoPsicosocialApiApplication - Started RiesgoPsicosocialApiApplication in 10.355 seconds (process running for 11.118)
2026-09-17 10:41:53,281 WARN  org.springdoc.core.events.SpringDocAppInitializer - SpringDoc /v3/api-docs endpoint is enabled by default. To disable it in production, set the property 'springdoc.api-docs.enabled=false'
2026-09-17 10:41:53,281 WARN  org.springdoc.core.events.SpringDocAppInitializer - SpringDoc /swagger-ui.html endpoint is enabled by default. To disable it in production, set the property 'springdoc.swagger-ui.enabled=false'
2026-09-17 10:42:58,954 INFO  org.apache.catalina.core.ContainerBase.[Tomcat].[localhost].[/api] - Initializing Spring DispatcherServlet 'dispatcherServlet'
2026-09-17 10:42:58,955 INFO  org.springframework.web.servlet.DispatcherServlet - Initializing Servlet 'dispatcherServlet'
2026-09-17 10:42:58,956 INFO  org.springframework.web.servlet.DispatcherServlet - Completed initialization in 1 ms
2026-09-17 10:43:00,305 INFO  org.springdoc.api.AbstractOpenApiResource - Init duration for springdoc-openapi is: 1010 ms
2026-09-17 10:46:14,960 INFO  org.springframework.boot.devtools.autoconfigure.LocalDevToolsAutoConfiguration$RestartingClassPathChangeChangedEventListener - Restarting due to 137 class path changes (0 additions, 137 deletions, 0 modifications)
2026-09-17 10:46:14,986 INFO  org.springframework.boot.web.embedded.tomcat.GracefulShutdown - Commencing graceful shutdown. Waiting for active requests to complete
2026-09-17 10:46:15,745 INFO  org.springframework.boot.web.embedded.tomcat.GracefulShutdown - Graceful shutdown complete
2026-09-17 10:46:15,757 INFO  org.springframework.orm.jpa.LocalContainerEntityManagerFactoryBean - Closing JPA EntityManagerFactory for persistence unit 'default'
2026-09-17 10:46:15,764 INFO  com.zaxxer.hikari.HikariDataSource - HikariPool-1 - Shutdown initiated...
2026-09-17 10:46:15,783 INFO  com.zaxxer.hikari.HikariDataSource - HikariPool-1 - Shutdown completed.
2026-09-17 10:46:15,961 INFO  com.riesgopsicosocial.RiesgoPsicosocialApiApplication - Starting RiesgoPsicosocialApiApplication using Java 17.0.16 with PID 18736 (C:\Users\gachae\Documents\Personal\Backend\riesgo-psicosocial-api\target\classes started by gachae in C:\Users\gachae\Documents\Personal\Backend\riesgo-psicosocial-api)
2026-09-17 10:46:15,961 INFO  com.riesgopsicosocial.RiesgoPsicosocialApiApplication - The following 1 profile is active: "dev"
2026-09-17 10:46:16,709 INFO  org.springframework.data.repository.config.RepositoryConfigurationDelegate - Bootstrapping Spring Data JPA repositories in DEFAULT mode.
2026-09-17 10:46:16,865 INFO  org.springframework.data.repository.config.RepositoryConfigurationDelegate - Finished Spring Data repository scanning in 153 ms. Found 3 JPA repository interfaces.
2026-09-17 10:46:17,239 INFO  org.springframework.boot.web.embedded.tomcat.TomcatWebServer - Tomcat initialized with port 8080 (http)
2026-09-17 10:46:17,242 INFO  org.apache.catalina.core.StandardService - Starting service [Tomcat]
2026-09-17 10:46:17,243 INFO  org.apache.catalina.core.StandardEngine - Starting Servlet engine: [Apache Tomcat/10.1.55]
2026-09-17 10:46:17,306 INFO  org.apache.catalina.core.ContainerBase.[Tomcat].[localhost].[/api] - Initializing Spring embedded WebApplicationContext
2026-09-17 10:46:17,307 INFO  org.springframework.boot.web.servlet.context.ServletWebServerApplicationContext - Root WebApplicationContext: initialization completed in 1341 ms
2026-09-17 10:46:17,480 INFO  com.zaxxer.hikari.HikariDataSource - HikariPool-2 - Starting...
2026-09-17 10:46:17,636 INFO  com.zaxxer.hikari.pool.HikariPool - HikariPool-2 - Added connection org.postgresql.jdbc.PgConnection@12742c62
2026-09-17 10:46:17,638 INFO  com.zaxxer.hikari.HikariDataSource - HikariPool-2 - Start completed.
2026-09-17 10:46:17,643 INFO  org.flywaydb.core.FlywayExecutor - Database: jdbc:postgresql://localhost:5432/bateria_psicosocial (PostgreSQL 16.12)
2026-09-17 10:46:17,748 INFO  org.flywaydb.core.internal.command.DbValidate - Successfully validated 1 migration (execution time 00:00.044s)
2026-09-17 10:46:17,931 INFO  org.flywaydb.core.internal.command.DbMigrate - Current version of schema "public": 1
2026-09-17 10:46:17,932 INFO  org.flywaydb.core.internal.command.DbMigrate - Schema "public" is up to date. No migration necessary.
2026-09-17 10:46:18,062 INFO  org.hibernate.jpa.internal.util.LogHelper - HHH000204: Processing PersistenceUnitInfo [name: default]
2026-09-17 10:46:18,070 INFO  org.hibernate.cache.internal.RegionFactoryInitiator - HHH000026: Second-level cache disabled
2026-09-17 10:46:18,108 INFO  org.springframework.orm.jpa.persistenceunit.SpringPersistenceUnitInfo - No LoadTimeWeaver setup: ignoring JPA class transformer
2026-09-17 10:46:18,128 INFO  org.hibernate.orm.connections.pooling - HHH10001005: Database info:
	Database JDBC URL [Connecting through datasource 'HikariDataSource (HikariPool-2)']
	Database driver: undefined/unknown
	Database version: 16.12
	Autocommit mode: undefined/unknown
	Isolation level: undefined/unknown
	Minimum pool size: undefined/unknown
	Maximum pool size: undefined/unknown
2026-09-17 10:46:18,393 INFO  org.hibernate.engine.transaction.jta.platform.internal.JtaPlatformInitiator - HHH000489: No JTA platform available (set 'hibernate.transaction.jta.platform' to enable JTA platform integration)
2026-09-17 10:46:18,459 INFO  org.springframework.orm.jpa.LocalContainerEntityManagerFactoryBean - Initialized JPA EntityManagerFactory for persistence unit 'default'
2026-09-17 10:46:18,492 WARN  org.springframework.boot.web.servlet.context.AnnotationConfigServletWebServerApplicationContext - Exception encountered during context initialization - cancelling refresh attempt: org.springframework.beans.factory.UnsatisfiedDependencyException: Error creating bean with name 'aplicacionController' defined in file [C:\Users\gachae\Documents\Personal\Backend\riesgo-psicosocial-api\target\classes\com\riesgopsicosocial\infrastructure\adapter\in\rest\aplicacion\AplicacionController.class]: Unsatisfied dependency expressed through constructor parameter 0: Error creating bean with name 'aplicacionService': Lookup method resolution failed
2026-09-17 10:46:18,495 INFO  org.springframework.orm.jpa.LocalContainerEntityManagerFactoryBean - Closing JPA EntityManagerFactory for persistence unit 'default'
2026-09-17 10:46:18,496 INFO  com.zaxxer.hikari.HikariDataSource - HikariPool-2 - Shutdown initiated...
2026-09-17 10:46:18,587 INFO  com.zaxxer.hikari.HikariDataSource - HikariPool-2 - Shutdown completed.
2026-09-17 10:46:18,590 INFO  org.apache.catalina.core.StandardService - Stopping service [Tomcat]
2026-09-17 10:46:18,603 INFO  org.springframework.boot.autoconfigure.logging.ConditionEvaluationReportLogger - 

Error starting ApplicationContext. To display the condition evaluation report re-run your application with 'debug' enabled.
2026-09-17 10:46:18,691 ERROR org.springframework.boot.SpringApplication - Application run failed
org.springframework.beans.factory.UnsatisfiedDependencyException: Error creating bean with name 'aplicacionController' defined in file [C:\Users\gachae\Documents\Personal\Backend\riesgo-psicosocial-api\target\classes\com\riesgopsicosocial\infrastructure\adapter\in\rest\aplicacion\AplicacionController.class]: Unsatisfied dependency expressed through constructor parameter 0: Error creating bean with name 'aplicacionService': Lookup method resolution failed
	at org.springframework.beans.factory.support.ConstructorResolver.createArgumentArray(ConstructorResolver.java:804)
	at org.springframework.beans.factory.support.ConstructorResolver.autowireConstructor(ConstructorResolver.java:240)
	at org.springframework.beans.factory.support.AbstractAutowireCapableBeanFactory.autowireConstructor(AbstractAutowireCapableBeanFactory.java:1393)
	at org.springframework.beans.factory.support.AbstractAutowireCapableBeanFactory.createBeanInstance(AbstractAutowireCapableBeanFactory.java:1230)
	at org.springframework.beans.factory.support.AbstractAutowireCapableBeanFactory.doCreateBean(AbstractAutowireCapableBeanFactory.java:569)
	at org.springframework.beans.factory.support.AbstractAutowireCapableBeanFactory.createBean(AbstractAutowireCapableBeanFactory.java:529)
	at org.springframework.beans.factory.support.AbstractBeanFactory.lambda$doGetBean$0(AbstractBeanFactory.java:339)
	at org.springframework.beans.factory.support.DefaultSingletonBeanRegistry.getSingleton(DefaultSingletonBeanRegistry.java:373)
	at org.springframework.beans.factory.support.AbstractBeanFactory.doGetBean(AbstractBeanFactory.java:337)
	at org.springframework.beans.factory.support.AbstractBeanFactory.getBean(AbstractBeanFactory.java:202)
	at org.springframework.beans.factory.support.DefaultListableBeanFactory.instantiateSingleton(DefaultListableBeanFactory.java:1235)
	at org.springframework.beans.factory.support.DefaultListableBeanFactory.preInstantiateSingleton(DefaultListableBeanFactory.java:1201)
	at org.springframework.beans.factory.support.DefaultListableBeanFactory.preInstantiateSingletons(DefaultListableBeanFactory.java:1130)
	at org.springframework.context.support.AbstractApplicationContext.finishBeanFactoryInitialization(AbstractApplicationContext.java:991)
	at org.springframework.context.support.AbstractApplicationContext.refresh(AbstractApplicationContext.java:628)
	at org.springframework.boot.web.servlet.context.ServletWebServerApplicationContext.refresh(ServletWebServerApplicationContext.java:146)
	at org.springframework.boot.SpringApplication.refresh(SpringApplication.java:752)
	at org.springframework.boot.SpringApplication.refreshContext(SpringApplication.java:439)
	at org.springframework.boot.SpringApplication.run(SpringApplication.java:318)
	at org.springframework.boot.SpringApplication.run(SpringApplication.java:1361)
	at org.springframework.boot.SpringApplication.run(SpringApplication.java:1350)
	at com.riesgopsicosocial.RiesgoPsicosocialApiApplication.main(RiesgoPsicosocialApiApplication.java:11)
	at java.base/jdk.internal.reflect.NativeMethodAccessorImpl.invoke0(Native Method)
	at java.base/jdk.internal.reflect.NativeMethodAccessorImpl.invoke(NativeMethodAccessorImpl.java:77)
	at java.base/jdk.internal.reflect.DelegatingMethodAccessorImpl.invoke(DelegatingMethodAccessorImpl.java:43)
	at java.base/java.lang.reflect.Method.invoke(Method.java:569)
	at org.springframework.boot.devtools.restart.RestartLauncher.run(RestartLauncher.java:50)
Caused by: org.springframework.beans.factory.BeanCreationException: Error creating bean with name 'aplicacionService': Lookup method resolution failed
	at org.springframework.beans.factory.annotation.AutowiredAnnotationBeanPostProcessor.checkLookupMethods(AutowiredAnnotationBeanPostProcessor.java:498)
	at org.springframework.beans.factory.annotation.AutowiredAnnotationBeanPostProcessor.determineCandidateConstructors(AutowiredAnnotationBeanPostProcessor.java:368)
	at org.springframework.beans.factory.support.AbstractAutowireCapableBeanFactory.determineConstructorsFromBeanPostProcessors(AbstractAutowireCapableBeanFactory.java:1332)
	at org.springframework.beans.factory.support.AbstractAutowireCapableBeanFactory.createBeanInstance(AbstractAutowireCapableBeanFactory.java:1227)
	at org.springframework.beans.factory.support.AbstractAutowireCapableBeanFactory.doCreateBean(AbstractAutowireCapableBeanFactory.java:569)
	at org.springframework.beans.factory.support.AbstractAutowireCapableBeanFactory.createBean(AbstractAutowireCapableBeanFactory.java:529)
	at org.springframework.beans.factory.support.AbstractBeanFactory.lambda$doGetBean$0(AbstractBeanFactory.java:339)
	at org.springframework.beans.factory.support.DefaultSingletonBeanRegistry.getSingleton(DefaultSingletonBeanRegistry.java:373)
	at org.springframework.beans.factory.support.AbstractBeanFactory.doGetBean(AbstractBeanFactory.java:337)
	at org.springframework.beans.factory.support.AbstractBeanFactory.getBean(AbstractBeanFactory.java:202)
	at org.springframework.beans.factory.config.DependencyDescriptor.resolveCandidate(DependencyDescriptor.java:254)
	at org.springframework.beans.factory.support.DefaultListableBeanFactory.doResolveDependency(DefaultListableBeanFactory.java:1777)
	at org.springframework.beans.factory.support.DefaultListableBeanFactory.resolveDependency(DefaultListableBeanFactory.java:1660)
	at org.springframework.beans.factory.support.ConstructorResolver.resolveAutowiredArgument(ConstructorResolver.java:913)
	at org.springframework.beans.factory.support.ConstructorResolver.createArgumentArray(ConstructorResolver.java:791)
	... 26 common frames omitted
Caused by: java.lang.IllegalStateException: Failed to introspect Class [com.riesgopsicosocial.infrastructure.adapter.out.persistence.aplicacion.AplicacionService] from ClassLoader [org.springframework.boot.devtools.restart.classloader.RestartClassLoader@3479b699]
	at org.springframework.util.ReflectionUtils.getDeclaredMethods(ReflectionUtils.java:483)
	at org.springframework.util.ReflectionUtils.doWithLocalMethods(ReflectionUtils.java:320)
	at org.springframework.beans.factory.annotation.AutowiredAnnotationBeanPostProcessor.checkLookupMethods(AutowiredAnnotationBeanPostProcessor.java:476)
	... 40 common frames omitted
Caused by: java.lang.NoClassDefFoundError: com/riesgopsicosocial/shared/exception/ResourceNotFoundException
	at java.base/java.lang.Class.getDeclaredMethods0(Native Method)
	at java.base/java.lang.Class.privateGetDeclaredMethods(Class.java:3402)
	at java.base/java.lang.Class.getDeclaredMethods(Class.java:2504)
	at org.springframework.util.ReflectionUtils.getDeclaredMethods(ReflectionUtils.java:465)
	... 42 common frames omitted
Caused by: java.lang.ClassNotFoundException: com.riesgopsicosocial.shared.exception.ResourceNotFoundException
	at java.base/jdk.internal.loader.BuiltinClassLoader.loadClass(BuiltinClassLoader.java:641)
	at java.base/jdk.internal.loader.ClassLoaders$AppClassLoader.loadClass(ClassLoaders.java:188)
	at java.base/java.lang.ClassLoader.loadClass(ClassLoader.java:525)
	at java.base/java.lang.Class.forName0(Native Method)
	at java.base/java.lang.Class.forName(Class.java:467)
	at org.springframework.boot.devtools.restart.classloader.RestartClassLoader.loadClass(RestartClassLoader.java:121)
	at java.base/java.lang.ClassLoader.loadClass(ClassLoader.java:525)
	... 46 common frames omitted
2026-09-17 10:46:22,324 INFO  com.riesgopsicosocial.RiesgoPsicosocialApiApplication - Starting RiesgoPsicosocialApiApplication using Java 17.0.16 with PID 18736 (C:\Users\gachae\Documents\Personal\Backend\riesgo-psicosocial-api\target\classes started by gachae in C:\Users\gachae\Documents\Personal\Backend\riesgo-psicosocial-api)
2026-09-17 10:46:22,326 INFO  com.riesgopsicosocial.RiesgoPsicosocialApiApplication - The following 1 profile is active: "dev"
2026-09-17 10:46:22,903 INFO  org.springframework.data.repository.config.RepositoryConfigurationDelegate - Bootstrapping Spring Data JPA repositories in DEFAULT mode.
2026-09-17 10:46:23,092 INFO  org.springframework.data.repository.config.RepositoryConfigurationDelegate - Finished Spring Data repository scanning in 186 ms. Found 27 JPA repository interfaces.
2026-09-17 10:46:23,373 INFO  org.springframework.boot.web.embedded.tomcat.TomcatWebServer - Tomcat initialized with port 8080 (http)
2026-09-17 10:46:23,376 INFO  org.apache.catalina.core.StandardService - Starting service [Tomcat]
2026-09-17 10:46:23,376 INFO  org.apache.catalina.core.StandardEngine - Starting Servlet engine: [Apache Tomcat/10.1.55]
2026-09-17 10:46:23,413 INFO  org.apache.catalina.core.ContainerBase.[Tomcat-1].[localhost].[/api] - Initializing Spring embedded WebApplicationContext
2026-09-17 10:46:23,413 INFO  org.springframework.boot.web.servlet.context.ServletWebServerApplicationContext - Root WebApplicationContext: initialization completed in 1083 ms
2026-09-17 10:46:23,494 INFO  com.zaxxer.hikari.HikariDataSource - HikariPool-3 - Starting...
2026-09-17 10:46:23,570 INFO  com.zaxxer.hikari.pool.HikariPool - HikariPool-3 - Added connection org.postgresql.jdbc.PgConnection@125cc866
2026-09-17 10:46:23,571 INFO  com.zaxxer.hikari.HikariDataSource - HikariPool-3 - Start completed.
2026-09-17 10:46:23,574 INFO  org.flywaydb.core.FlywayExecutor - Database: jdbc:postgresql://localhost:5432/bateria_psicosocial (PostgreSQL 16.12)
2026-09-17 10:46:23,623 INFO  org.flywaydb.core.internal.command.DbValidate - Successfully validated 1 migration (execution time 00:00.019s)
2026-09-17 10:46:23,804 INFO  org.flywaydb.core.internal.command.DbMigrate - Current version of schema "public": 1
2026-09-17 10:46:23,806 INFO  org.flywaydb.core.internal.command.DbMigrate - Schema "public" is up to date. No migration necessary.
2026-09-17 10:46:23,900 INFO  org.hibernate.jpa.internal.util.LogHelper - HHH000204: Processing PersistenceUnitInfo [name: default]
2026-09-17 10:46:23,906 INFO  org.hibernate.cache.internal.RegionFactoryInitiator - HHH000026: Second-level cache disabled
2026-09-17 10:46:23,925 INFO  org.springframework.orm.jpa.persistenceunit.SpringPersistenceUnitInfo - No LoadTimeWeaver setup: ignoring JPA class transformer
2026-09-17 10:46:23,938 INFO  org.hibernate.orm.connections.pooling - HHH10001005: Database info:
	Database JDBC URL [Connecting through datasource 'HikariDataSource (HikariPool-3)']
	Database driver: undefined/unknown
	Database version: 16.12
	Autocommit mode: undefined/unknown
	Isolation level: undefined/unknown
	Minimum pool size: undefined/unknown
	Maximum pool size: undefined/unknown
2026-09-17 10:46:24,644 INFO  org.hibernate.engine.transaction.jta.platform.internal.JtaPlatformInitiator - HHH000489: No JTA platform available (set 'hibernate.transaction.jta.platform' to enable JTA platform integration)
2026-09-17 10:46:24,674 INFO  org.springframework.orm.jpa.LocalContainerEntityManagerFactoryBean - Initialized JPA EntityManagerFactory for persistence unit 'default'
2026-09-17 10:46:25,421 INFO  org.springframework.boot.devtools.autoconfigure.OptionalLiveReloadServer - LiveReload server is running on port 35729
2026-09-17 10:46:25,437 INFO  org.springframework.boot.web.embedded.tomcat.TomcatWebServer - Tomcat started on port 8080 (http) with context path '/api'
2026-09-17 10:46:25,441 INFO  com.riesgopsicosocial.RiesgoPsicosocialApiApplication - Started RiesgoPsicosocialApiApplication in 3.179 seconds (process running for 283.287)
2026-09-17 10:46:25,444 WARN  org.springdoc.core.events.SpringDocAppInitializer - SpringDoc /v3/api-docs endpoint is enabled by default. To disable it in production, set the property 'springdoc.api-docs.enabled=false'
2026-09-17 10:46:25,444 WARN  org.springdoc.core.events.SpringDocAppInitializer - SpringDoc /swagger-ui.html endpoint is enabled by default. To disable it in production, set the property 'springdoc.swagger-ui.enabled=false'
2026-09-17 10:46:25,449 INFO  org.springframework.boot.devtools.autoconfigure.ConditionEvaluationDeltaLoggingListener - Condition evaluation unchanged
2026-09-17 10:55:46,329 INFO  org.springframework.boot.web.embedded.tomcat.GracefulShutdown - Commencing graceful shutdown. Waiting for active requests to complete
2026-09-17 10:55:46,695 INFO  org.springframework.boot.web.embedded.tomcat.GracefulShutdown - Graceful shutdown complete
2026-09-17 10:55:46,699 INFO  org.springframework.orm.jpa.LocalContainerEntityManagerFactoryBean - Closing JPA EntityManagerFactory for persistence unit 'default'
2026-09-17 10:55:46,700 INFO  com.zaxxer.hikari.HikariDataSource - HikariPool-3 - Shutdown initiated...
2026-09-17 10:55:46,705 INFO  com.zaxxer.hikari.HikariDataSource - HikariPool-3 - Shutdown completed.
2026-09-17 10:55:52,311 INFO  com.riesgopsicosocial.RiesgoPsicosocialApiApplication - Starting RiesgoPsicosocialApiApplication using Java 17.0.16 with PID 1976 (C:\Users\gachae\Documents\Personal\Backend\riesgo-psicosocial-api\target\classes started by gachae in C:\Users\gachae\Documents\Personal\Backend\riesgo-psicosocial-api)
2026-09-17 10:55:52,315 INFO  com.riesgopsicosocial.RiesgoPsicosocialApiApplication - The following 1 profile is active: "dev"
2026-09-17 10:55:52,481 INFO  org.springframework.boot.devtools.env.DevToolsPropertyDefaultsPostProcessor - Devtools property defaults active! Set 'spring.devtools.add-properties' to 'false' to disable
2026-09-17 10:55:52,481 INFO  org.springframework.boot.devtools.env.DevToolsPropertyDefaultsPostProcessor - For additional web related logging consider setting the 'logging.level.web' property to 'DEBUG'
2026-09-17 10:55:54,365 INFO  org.springframework.data.repository.config.RepositoryConfigurationDelegate - Bootstrapping Spring Data JPA repositories in DEFAULT mode.
2026-09-17 10:55:54,743 INFO  org.springframework.data.repository.config.RepositoryConfigurationDelegate - Finished Spring Data repository scanning in 343 ms. Found 27 JPA repository interfaces.
2026-09-17 10:55:55,848 INFO  org.springframework.boot.web.embedded.tomcat.TomcatWebServer - Tomcat initialized with port 8080 (http)
2026-09-17 10:55:55,874 INFO  org.apache.catalina.core.StandardService - Starting service [Tomcat]
2026-09-17 10:55:55,874 INFO  org.apache.catalina.core.StandardEngine - Starting Servlet engine: [Apache Tomcat/10.1.55]
2026-09-17 10:55:55,959 INFO  org.apache.catalina.core.ContainerBase.[Tomcat].[localhost].[/api] - Initializing Spring embedded WebApplicationContext
2026-09-17 10:55:55,959 INFO  org.springframework.boot.web.servlet.context.ServletWebServerApplicationContext - Root WebApplicationContext: initialization completed in 3476 ms
2026-09-17 10:55:56,436 INFO  com.zaxxer.hikari.HikariDataSource - HikariPool-1 - Starting...
2026-09-17 10:55:56,712 INFO  com.zaxxer.hikari.pool.HikariPool - HikariPool-1 - Added connection org.postgresql.jdbc.PgConnection@827202
2026-09-17 10:55:56,714 INFO  com.zaxxer.hikari.HikariDataSource - HikariPool-1 - Start completed.
2026-09-17 10:55:56,757 INFO  org.flywaydb.core.FlywayExecutor - Database: jdbc:postgresql://localhost:5432/bateria_psicosocial (PostgreSQL 16.12)
2026-09-17 10:55:56,835 INFO  org.flywaydb.core.internal.command.DbValidate - Successfully validated 1 migration (execution time 00:00.048s)
2026-09-17 10:55:56,931 INFO  org.flywaydb.core.internal.command.DbMigrate - Current version of schema "public": 1
2026-09-17 10:55:56,939 INFO  org.flywaydb.core.internal.command.DbMigrate - Schema "public" is up to date. No migration necessary.
2026-09-17 10:55:57,102 INFO  org.hibernate.jpa.internal.util.LogHelper - HHH000204: Processing PersistenceUnitInfo [name: default]
2026-09-17 10:55:57,186 INFO  org.hibernate.Version - HHH000412: Hibernate ORM core version 6.6.53.Final
2026-09-17 10:55:57,230 INFO  org.hibernate.cache.internal.RegionFactoryInitiator - HHH000026: Second-level cache disabled
2026-09-17 10:55:57,683 INFO  org.springframework.orm.jpa.persistenceunit.SpringPersistenceUnitInfo - No LoadTimeWeaver setup: ignoring JPA class transformer
2026-09-17 10:55:57,849 INFO  org.hibernate.orm.connections.pooling - HHH10001005: Database info:
	Database JDBC URL [Connecting through datasource 'HikariDataSource (HikariPool-1)']
	Database driver: undefined/unknown
	Database version: 16.12
	Autocommit mode: undefined/unknown
	Isolation level: undefined/unknown
	Minimum pool size: undefined/unknown
	Maximum pool size: undefined/unknown
2026-09-17 10:55:59,449 INFO  org.hibernate.engine.transaction.jta.platform.internal.JtaPlatformInitiator - HHH000489: No JTA platform available (set 'hibernate.transaction.jta.platform' to enable JTA platform integration)
2026-09-17 10:55:59,506 INFO  org.springframework.orm.jpa.LocalContainerEntityManagerFactoryBean - Initialized JPA EntityManagerFactory for persistence unit 'default'
2026-09-17 10:56:01,726 INFO  org.springframework.boot.devtools.autoconfigure.OptionalLiveReloadServer - LiveReload server is running on port 35729
2026-09-17 10:56:01,793 INFO  org.springframework.boot.web.embedded.tomcat.TomcatWebServer - Tomcat started on port 8080 (http) with context path '/api'
2026-09-17 10:56:01,810 INFO  com.riesgopsicosocial.RiesgoPsicosocialApiApplication - Started RiesgoPsicosocialApiApplication in 10.338 seconds (process running for 10.996)
2026-09-17 10:56:01,816 WARN  org.springdoc.core.events.SpringDocAppInitializer - SpringDoc /v3/api-docs endpoint is enabled by default. To disable it in production, set the property 'springdoc.api-docs.enabled=false'
2026-09-17 10:56:01,817 WARN  org.springdoc.core.events.SpringDocAppInitializer - SpringDoc /swagger-ui.html endpoint is enabled by default. To disable it in production, set the property 'springdoc.swagger-ui.enabled=false'
2026-09-17 10:57:10,119 INFO  org.apache.catalina.core.ContainerBase.[Tomcat].[localhost].[/api] - Initializing Spring DispatcherServlet 'dispatcherServlet'
2026-09-17 10:57:10,119 INFO  org.springframework.web.servlet.DispatcherServlet - Initializing Servlet 'dispatcherServlet'
2026-09-17 10:57:10,120 INFO  org.springframework.web.servlet.DispatcherServlet - Completed initialization in 1 ms
2026-09-17 10:57:11,169 INFO  org.springdoc.api.AbstractOpenApiResource - Init duration for springdoc-openapi is: 777 ms
2026-09-17 11:36:34,337 INFO  org.springframework.boot.devtools.autoconfigure.LocalDevToolsAutoConfiguration$RestartingClassPathChangeChangedEventListener - Restarting due to 143 class path changes (0 additions, 143 deletions, 0 modifications)
2026-09-17 11:36:34,352 INFO  org.springframework.boot.web.embedded.tomcat.GracefulShutdown - Commencing graceful shutdown. Waiting for active requests to complete
2026-09-17 11:36:35,110 INFO  org.springframework.boot.web.embedded.tomcat.GracefulShutdown - Graceful shutdown complete
2026-09-17 11:36:35,124 INFO  org.springframework.orm.jpa.LocalContainerEntityManagerFactoryBean - Closing JPA EntityManagerFactory for persistence unit 'default'
2026-09-17 11:36:35,141 INFO  com.zaxxer.hikari.HikariDataSource - HikariPool-1 - Shutdown initiated...
2026-09-17 11:36:35,149 INFO  com.zaxxer.hikari.HikariDataSource - HikariPool-1 - Shutdown completed.
2026-09-17 11:36:35,338 INFO  com.riesgopsicosocial.RiesgoPsicosocialApiApplication - Starting RiesgoPsicosocialApiApplication using Java 17.0.16 with PID 1976 (C:\Users\gachae\Documents\Personal\Backend\riesgo-psicosocial-api\target\classes started by gachae in C:\Users\gachae\Documents\Personal\Backend\riesgo-psicosocial-api)
2026-09-17 11:36:35,338 INFO  com.riesgopsicosocial.RiesgoPsicosocialApiApplication - The following 1 profile is active: "dev"
2026-09-17 11:36:35,924 INFO  org.springframework.data.repository.config.RepositoryConfigurationDelegate - Bootstrapping Spring Data JPA repositories in DEFAULT mode.
2026-09-17 11:36:36,042 INFO  org.springframework.data.repository.config.RepositoryConfigurationDelegate - Finished Spring Data repository scanning in 115 ms. Found 3 JPA repository interfaces.
2026-09-17 11:36:36,323 INFO  org.springframework.boot.web.embedded.tomcat.TomcatWebServer - Tomcat initialized with port 8080 (http)
2026-09-17 11:36:36,325 INFO  org.apache.catalina.core.StandardService - Starting service [Tomcat]
2026-09-17 11:36:36,326 INFO  org.apache.catalina.core.StandardEngine - Starting Servlet engine: [Apache Tomcat/10.1.55]
2026-09-17 11:36:36,374 INFO  org.apache.catalina.core.ContainerBase.[Tomcat].[localhost].[/api] - Initializing Spring embedded WebApplicationContext
2026-09-17 11:36:36,374 INFO  org.springframework.boot.web.servlet.context.ServletWebServerApplicationContext - Root WebApplicationContext: initialization completed in 1031 ms
2026-09-17 11:36:36,487 INFO  com.zaxxer.hikari.HikariDataSource - HikariPool-2 - Starting...
2026-09-17 11:36:36,552 INFO  com.zaxxer.hikari.pool.HikariPool - HikariPool-2 - Added connection org.postgresql.jdbc.PgConnection@522d2219
2026-09-17 11:36:36,553 INFO  com.zaxxer.hikari.HikariDataSource - HikariPool-2 - Start completed.
2026-09-17 11:36:36,557 INFO  org.flywaydb.core.FlywayExecutor - Database: jdbc:postgresql://localhost:5432/bateria_psicosocial (PostgreSQL 16.12)
2026-09-17 11:36:36,596 INFO  org.flywaydb.core.internal.command.DbValidate - Successfully validated 1 migration (execution time 00:00.019s)
2026-09-17 11:36:36,681 INFO  org.flywaydb.core.internal.command.DbMigrate - Current version of schema "public": 1
2026-09-17 11:36:36,682 INFO  org.flywaydb.core.internal.command.DbMigrate - Schema "public" is up to date. No migration necessary.
2026-09-17 11:36:36,774 INFO  org.hibernate.jpa.internal.util.LogHelper - HHH000204: Processing PersistenceUnitInfo [name: default]
2026-09-17 11:36:36,780 INFO  org.hibernate.cache.internal.RegionFactoryInitiator - HHH000026: Second-level cache disabled
2026-09-17 11:36:36,807 INFO  org.springframework.orm.jpa.persistenceunit.SpringPersistenceUnitInfo - No LoadTimeWeaver setup: ignoring JPA class transformer
2026-09-17 11:36:36,823 INFO  org.hibernate.orm.connections.pooling - HHH10001005: Database info:
	Database JDBC URL [Connecting through datasource 'HikariDataSource (HikariPool-2)']
	Database driver: undefined/unknown
	Database version: 16.12
	Autocommit mode: undefined/unknown
	Isolation level: undefined/unknown
	Minimum pool size: undefined/unknown
	Maximum pool size: undefined/unknown
2026-09-17 11:36:37,021 INFO  org.hibernate.engine.transaction.jta.platform.internal.JtaPlatformInitiator - HHH000489: No JTA platform available (set 'hibernate.transaction.jta.platform' to enable JTA platform integration)
2026-09-17 11:36:37,072 INFO  org.springframework.orm.jpa.LocalContainerEntityManagerFactoryBean - Initialized JPA EntityManagerFactory for persistence unit 'default'
2026-09-17 11:36:37,097 WARN  org.springframework.boot.web.servlet.context.AnnotationConfigServletWebServerApplicationContext - Exception encountered during context initialization - cancelling refresh attempt: org.springframework.beans.factory.UnsatisfiedDependencyException: Error creating bean with name 'aplicacionController' defined in file [C:\Users\gachae\Documents\Personal\Backend\riesgo-psicosocial-api\target\classes\com\riesgopsicosocial\infrastructure\adapter\in\rest\aplicacion\AplicacionController.class]: Unsatisfied dependency expressed through constructor parameter 0: Error creating bean with name 'aplicacionService': Lookup method resolution failed
2026-09-17 11:36:37,097 INFO  org.springframework.orm.jpa.LocalContainerEntityManagerFactoryBean - Closing JPA EntityManagerFactory for persistence unit 'default'
2026-09-17 11:36:37,099 INFO  com.zaxxer.hikari.HikariDataSource - HikariPool-2 - Shutdown initiated...
2026-09-17 11:36:37,164 INFO  com.zaxxer.hikari.HikariDataSource - HikariPool-2 - Shutdown completed.
2026-09-17 11:36:37,165 INFO  org.apache.catalina.core.StandardService - Stopping service [Tomcat]
2026-09-17 11:36:37,179 INFO  org.springframework.boot.autoconfigure.logging.ConditionEvaluationReportLogger - 

Error starting ApplicationContext. To display the condition evaluation report re-run your application with 'debug' enabled.
2026-09-17 11:36:37,264 ERROR org.springframework.boot.SpringApplication - Application run failed
org.springframework.beans.factory.UnsatisfiedDependencyException: Error creating bean with name 'aplicacionController' defined in file [C:\Users\gachae\Documents\Personal\Backend\riesgo-psicosocial-api\target\classes\com\riesgopsicosocial\infrastructure\adapter\in\rest\aplicacion\AplicacionController.class]: Unsatisfied dependency expressed through constructor parameter 0: Error creating bean with name 'aplicacionService': Lookup method resolution failed
	at org.springframework.beans.factory.support.ConstructorResolver.createArgumentArray(ConstructorResolver.java:804)
	at org.springframework.beans.factory.support.ConstructorResolver.autowireConstructor(ConstructorResolver.java:240)
	at org.springframework.beans.factory.support.AbstractAutowireCapableBeanFactory.autowireConstructor(AbstractAutowireCapableBeanFactory.java:1393)
	at org.springframework.beans.factory.support.AbstractAutowireCapableBeanFactory.createBeanInstance(AbstractAutowireCapableBeanFactory.java:1230)
	at org.springframework.beans.factory.support.AbstractAutowireCapableBeanFactory.doCreateBean(AbstractAutowireCapableBeanFactory.java:569)
	at org.springframework.beans.factory.support.AbstractAutowireCapableBeanFactory.createBean(AbstractAutowireCapableBeanFactory.java:529)
	at org.springframework.beans.factory.support.AbstractBeanFactory.lambda$doGetBean$0(AbstractBeanFactory.java:339)
	at org.springframework.beans.factory.support.DefaultSingletonBeanRegistry.getSingleton(DefaultSingletonBeanRegistry.java:373)
	at org.springframework.beans.factory.support.AbstractBeanFactory.doGetBean(AbstractBeanFactory.java:337)
	at org.springframework.beans.factory.support.AbstractBeanFactory.getBean(AbstractBeanFactory.java:202)
	at org.springframework.beans.factory.support.DefaultListableBeanFactory.instantiateSingleton(DefaultListableBeanFactory.java:1235)
	at org.springframework.beans.factory.support.DefaultListableBeanFactory.preInstantiateSingleton(DefaultListableBeanFactory.java:1201)
	at org.springframework.beans.factory.support.DefaultListableBeanFactory.preInstantiateSingletons(DefaultListableBeanFactory.java:1130)
	at org.springframework.context.support.AbstractApplicationContext.finishBeanFactoryInitialization(AbstractApplicationContext.java:991)
	at org.springframework.context.support.AbstractApplicationContext.refresh(AbstractApplicationContext.java:628)
	at org.springframework.boot.web.servlet.context.ServletWebServerApplicationContext.refresh(ServletWebServerApplicationContext.java:146)
	at org.springframework.boot.SpringApplication.refresh(SpringApplication.java:752)
	at org.springframework.boot.SpringApplication.refreshContext(SpringApplication.java:439)
	at org.springframework.boot.SpringApplication.run(SpringApplication.java:318)
	at org.springframework.boot.SpringApplication.run(SpringApplication.java:1361)
	at org.springframework.boot.SpringApplication.run(SpringApplication.java:1350)
	at com.riesgopsicosocial.RiesgoPsicosocialApiApplication.main(RiesgoPsicosocialApiApplication.java:11)
	at java.base/jdk.internal.reflect.NativeMethodAccessorImpl.invoke0(Native Method)
	at java.base/jdk.internal.reflect.NativeMethodAccessorImpl.invoke(NativeMethodAccessorImpl.java:77)
	at java.base/jdk.internal.reflect.DelegatingMethodAccessorImpl.invoke(DelegatingMethodAccessorImpl.java:43)
	at java.base/java.lang.reflect.Method.invoke(Method.java:569)
	at org.springframework.boot.devtools.restart.RestartLauncher.run(RestartLauncher.java:50)
Caused by: org.springframework.beans.factory.BeanCreationException: Error creating bean with name 'aplicacionService': Lookup method resolution failed
	at org.springframework.beans.factory.annotation.AutowiredAnnotationBeanPostProcessor.checkLookupMethods(AutowiredAnnotationBeanPostProcessor.java:498)
	at org.springframework.beans.factory.annotation.AutowiredAnnotationBeanPostProcessor.determineCandidateConstructors(AutowiredAnnotationBeanPostProcessor.java:368)
	at org.springframework.beans.factory.support.AbstractAutowireCapableBeanFactory.determineConstructorsFromBeanPostProcessors(AbstractAutowireCapableBeanFactory.java:1332)
	at org.springframework.beans.factory.support.AbstractAutowireCapableBeanFactory.createBeanInstance(AbstractAutowireCapableBeanFactory.java:1227)
	at org.springframework.beans.factory.support.AbstractAutowireCapableBeanFactory.doCreateBean(AbstractAutowireCapableBeanFactory.java:569)
	at org.springframework.beans.factory.support.AbstractAutowireCapableBeanFactory.createBean(AbstractAutowireCapableBeanFactory.java:529)
	at org.springframework.beans.factory.support.AbstractBeanFactory.lambda$doGetBean$0(AbstractBeanFactory.java:339)
	at org.springframework.beans.factory.support.DefaultSingletonBeanRegistry.getSingleton(DefaultSingletonBeanRegistry.java:373)
	at org.springframework.beans.factory.support.AbstractBeanFactory.doGetBean(AbstractBeanFactory.java:337)
	at org.springframework.beans.factory.support.AbstractBeanFactory.getBean(AbstractBeanFactory.java:202)
	at org.springframework.beans.factory.config.DependencyDescriptor.resolveCandidate(DependencyDescriptor.java:254)
	at org.springframework.beans.factory.support.DefaultListableBeanFactory.doResolveDependency(DefaultListableBeanFactory.java:1777)
	at org.springframework.beans.factory.support.DefaultListableBeanFactory.resolveDependency(DefaultListableBeanFactory.java:1660)
	at org.springframework.beans.factory.support.ConstructorResolver.resolveAutowiredArgument(ConstructorResolver.java:913)
	at org.springframework.beans.factory.support.ConstructorResolver.createArgumentArray(ConstructorResolver.java:791)
	... 26 common frames omitted
Caused by: java.lang.IllegalStateException: Failed to introspect Class [com.riesgopsicosocial.infrastructure.adapter.out.persistence.aplicacion.AplicacionService] from ClassLoader [org.springframework.boot.devtools.restart.classloader.RestartClassLoader@1b8d2a8]
	at org.springframework.util.ReflectionUtils.getDeclaredMethods(ReflectionUtils.java:483)
	at org.springframework.util.ReflectionUtils.doWithLocalMethods(ReflectionUtils.java:320)
	at org.springframework.beans.factory.annotation.AutowiredAnnotationBeanPostProcessor.checkLookupMethods(AutowiredAnnotationBeanPostProcessor.java:476)
	... 40 common frames omitted
Caused by: java.lang.NoClassDefFoundError: com/riesgopsicosocial/shared/exception/ResourceNotFoundException
	at java.base/java.lang.Class.getDeclaredMethods0(Native Method)
	at java.base/java.lang.Class.privateGetDeclaredMethods(Class.java:3402)
	at java.base/java.lang.Class.getDeclaredMethods(Class.java:2504)
	at org.springframework.util.ReflectionUtils.getDeclaredMethods(ReflectionUtils.java:465)
	... 42 common frames omitted
Caused by: java.lang.ClassNotFoundException: com.riesgopsicosocial.shared.exception.ResourceNotFoundException
	at java.base/jdk.internal.loader.BuiltinClassLoader.loadClass(BuiltinClassLoader.java:641)
	at java.base/jdk.internal.loader.ClassLoaders$AppClassLoader.loadClass(ClassLoaders.java:188)
	at java.base/java.lang.ClassLoader.loadClass(ClassLoader.java:525)
	at java.base/java.lang.Class.forName0(Native Method)
	at java.base/java.lang.Class.forName(Class.java:467)
	at org.springframework.boot.devtools.restart.classloader.RestartClassLoader.loadClass(RestartClassLoader.java:121)
	at java.base/java.lang.ClassLoader.loadClass(ClassLoader.java:525)
	... 46 common frames omitted
2026-09-17 11:36:40,176 INFO  com.riesgopsicosocial.RiesgoPsicosocialApiApplication - Starting RiesgoPsicosocialApiApplication using Java 17.0.16 with PID 1976 (C:\Users\gachae\Documents\Personal\Backend\riesgo-psicosocial-api\target\classes started by gachae in C:\Users\gachae\Documents\Personal\Backend\riesgo-psicosocial-api)
2026-09-17 11:36:40,176 INFO  com.riesgopsicosocial.RiesgoPsicosocialApiApplication - The following 1 profile is active: "dev"
2026-09-17 11:36:40,711 INFO  org.springframework.data.repository.config.RepositoryConfigurationDelegate - Bootstrapping Spring Data JPA repositories in DEFAULT mode.
2026-09-17 11:36:40,877 INFO  org.springframework.data.repository.config.RepositoryConfigurationDelegate - Finished Spring Data repository scanning in 164 ms. Found 28 JPA repository interfaces.
2026-09-17 11:36:41,054 INFO  org.springframework.boot.web.embedded.tomcat.TomcatWebServer - Tomcat initialized with port 8080 (http)
2026-09-17 11:36:41,055 INFO  org.apache.catalina.core.StandardService - Starting service [Tomcat]
2026-09-17 11:36:41,055 INFO  org.apache.catalina.core.StandardEngine - Starting Servlet engine: [Apache Tomcat/10.1.55]
2026-09-17 11:36:41,086 INFO  org.apache.catalina.core.ContainerBase.[Tomcat-1].[localhost].[/api] - Initializing Spring embedded WebApplicationContext
2026-09-17 11:36:41,086 INFO  org.springframework.boot.web.servlet.context.ServletWebServerApplicationContext - Root WebApplicationContext: initialization completed in 908 ms
2026-09-17 11:36:41,136 INFO  com.zaxxer.hikari.HikariDataSource - HikariPool-3 - Starting...
2026-09-17 11:36:41,179 INFO  com.zaxxer.hikari.pool.HikariPool - HikariPool-3 - Added connection org.postgresql.jdbc.PgConnection@670a1ab9
2026-09-17 11:36:41,179 INFO  com.zaxxer.hikari.HikariDataSource - HikariPool-3 - Start completed.
2026-09-17 11:36:41,180 INFO  org.flywaydb.core.FlywayExecutor - Database: jdbc:postgresql://localhost:5432/bateria_psicosocial (PostgreSQL 16.12)
2026-09-17 11:36:41,202 INFO  org.flywaydb.core.internal.command.DbValidate - Successfully validated 1 migration (execution time 00:00.009s)
2026-09-17 11:36:41,253 INFO  org.flywaydb.core.internal.command.DbMigrate - Current version of schema "public": 1
2026-09-17 11:36:41,254 INFO  org.flywaydb.core.internal.command.DbMigrate - Schema "public" is up to date. No migration necessary.
2026-09-17 11:36:41,321 INFO  org.hibernate.jpa.internal.util.LogHelper - HHH000204: Processing PersistenceUnitInfo [name: default]
2026-09-17 11:36:41,323 INFO  org.hibernate.cache.internal.RegionFactoryInitiator - HHH000026: Second-level cache disabled
2026-09-17 11:36:41,333 INFO  org.springframework.orm.jpa.persistenceunit.SpringPersistenceUnitInfo - No LoadTimeWeaver setup: ignoring JPA class transformer
2026-09-17 11:36:41,341 INFO  org.hibernate.orm.connections.pooling - HHH10001005: Database info:
	Database JDBC URL [Connecting through datasource 'HikariDataSource (HikariPool-3)']
	Database driver: undefined/unknown
	Database version: 16.12
	Autocommit mode: undefined/unknown
	Isolation level: undefined/unknown
	Minimum pool size: undefined/unknown
	Maximum pool size: undefined/unknown
2026-09-17 11:36:41,846 INFO  org.hibernate.engine.transaction.jta.platform.internal.JtaPlatformInitiator - HHH000489: No JTA platform available (set 'hibernate.transaction.jta.platform' to enable JTA platform integration)
2026-09-17 11:36:41,881 INFO  org.springframework.orm.jpa.LocalContainerEntityManagerFactoryBean - Initialized JPA EntityManagerFactory for persistence unit 'default'
2026-09-17 11:36:42,762 INFO  org.springframework.boot.devtools.autoconfigure.OptionalLiveReloadServer - LiveReload server is running on port 35729
2026-09-17 11:36:42,775 INFO  org.springframework.boot.web.embedded.tomcat.TomcatWebServer - Tomcat started on port 8080 (http) with context path '/api'
2026-09-17 11:36:42,780 INFO  com.riesgopsicosocial.RiesgoPsicosocialApiApplication - Started RiesgoPsicosocialApiApplication in 2.674 seconds (process running for 2451.967)
2026-09-17 11:36:42,781 WARN  org.springdoc.core.events.SpringDocAppInitializer - SpringDoc /v3/api-docs endpoint is enabled by default. To disable it in production, set the property 'springdoc.api-docs.enabled=false'
2026-09-17 11:36:42,781 WARN  org.springdoc.core.events.SpringDocAppInitializer - SpringDoc /swagger-ui.html endpoint is enabled by default. To disable it in production, set the property 'springdoc.swagger-ui.enabled=false'
2026-09-17 11:36:42,788 INFO  org.springframework.boot.devtools.autoconfigure.ConditionEvaluationDeltaLoggingListener - Condition evaluation unchanged
2026-09-17 11:44:19,366 INFO  org.springframework.boot.devtools.autoconfigure.LocalDevToolsAutoConfiguration$RestartingClassPathChangeChangedEventListener - Restarting due to 149 class path changes (0 additions, 149 deletions, 0 modifications)
2026-09-17 11:44:19,369 INFO  org.springframework.boot.web.embedded.tomcat.GracefulShutdown - Commencing graceful shutdown. Waiting for active requests to complete
2026-09-17 11:44:20,010 INFO  org.springframework.boot.web.embedded.tomcat.GracefulShutdown - Graceful shutdown complete
2026-09-17 11:44:20,014 INFO  org.springframework.orm.jpa.LocalContainerEntityManagerFactoryBean - Closing JPA EntityManagerFactory for persistence unit 'default'
2026-09-17 11:44:20,015 INFO  com.zaxxer.hikari.HikariDataSource - HikariPool-3 - Shutdown initiated...
2026-09-17 11:44:20,020 INFO  com.zaxxer.hikari.HikariDataSource - HikariPool-3 - Shutdown completed.
2026-09-17 11:44:20,179 INFO  com.riesgopsicosocial.RiesgoPsicosocialApiApplication - Starting RiesgoPsicosocialApiApplication using Java 17.0.16 with PID 1976 (C:\Users\gachae\Documents\Personal\Backend\riesgo-psicosocial-api\target\classes started by gachae in C:\Users\gachae\Documents\Personal\Backend\riesgo-psicosocial-api)
2026-09-17 11:44:20,180 INFO  com.riesgopsicosocial.RiesgoPsicosocialApiApplication - The following 1 profile is active: "dev"
2026-09-17 11:44:20,929 INFO  org.springframework.data.repository.config.RepositoryConfigurationDelegate - Bootstrapping Spring Data JPA repositories in DEFAULT mode.
2026-09-17 11:44:21,042 INFO  org.springframework.data.repository.config.RepositoryConfigurationDelegate - Finished Spring Data repository scanning in 109 ms. Found 3 JPA repository interfaces.
2026-09-17 11:44:21,405 INFO  org.springframework.boot.web.embedded.tomcat.TomcatWebServer - Tomcat initialized with port 8080 (http)
2026-09-17 11:44:21,408 INFO  org.apache.catalina.core.StandardService - Starting service [Tomcat]
2026-09-17 11:44:21,409 INFO  org.apache.catalina.core.StandardEngine - Starting Servlet engine: [Apache Tomcat/10.1.55]
2026-09-17 11:44:21,454 INFO  org.apache.catalina.core.ContainerBase.[Tomcat-1].[localhost].[/api] - Initializing Spring embedded WebApplicationContext
2026-09-17 11:44:21,454 INFO  org.springframework.boot.web.servlet.context.ServletWebServerApplicationContext - Root WebApplicationContext: initialization completed in 1271 ms
2026-09-17 11:44:21,533 INFO  com.zaxxer.hikari.HikariDataSource - HikariPool-4 - Starting...
2026-09-17 11:44:21,604 INFO  com.zaxxer.hikari.pool.HikariPool - HikariPool-4 - Added connection org.postgresql.jdbc.PgConnection@67eaed7b
2026-09-17 11:44:21,606 INFO  com.zaxxer.hikari.HikariDataSource - HikariPool-4 - Start completed.
2026-09-17 11:44:21,609 INFO  org.flywaydb.core.FlywayExecutor - Database: jdbc:postgresql://localhost:5432/bateria_psicosocial (PostgreSQL 16.12)
2026-09-17 11:44:21,657 INFO  org.flywaydb.core.internal.command.DbValidate - Successfully validated 1 migration (execution time 00:00.024s)
2026-09-17 11:44:21,786 INFO  org.flywaydb.core.internal.command.DbMigrate - Current version of schema "public": 1
2026-09-17 11:44:21,788 INFO  org.flywaydb.core.internal.command.DbMigrate - Schema "public" is up to date. No migration necessary.
2026-09-17 11:44:21,864 INFO  org.hibernate.jpa.internal.util.LogHelper - HHH000204: Processing PersistenceUnitInfo [name: default]
2026-09-17 11:44:21,867 INFO  org.hibernate.cache.internal.RegionFactoryInitiator - HHH000026: Second-level cache disabled
2026-09-17 11:44:21,898 INFO  org.springframework.orm.jpa.persistenceunit.SpringPersistenceUnitInfo - No LoadTimeWeaver setup: ignoring JPA class transformer
2026-09-17 11:44:21,917 INFO  org.hibernate.orm.connections.pooling - HHH10001005: Database info:
	Database JDBC URL [Connecting through datasource 'HikariDataSource (HikariPool-4)']
	Database driver: undefined/unknown
	Database version: 16.12
	Autocommit mode: undefined/unknown
	Isolation level: undefined/unknown
	Minimum pool size: undefined/unknown
	Maximum pool size: undefined/unknown
2026-09-17 11:44:22,074 INFO  org.hibernate.engine.transaction.jta.platform.internal.JtaPlatformInitiator - HHH000489: No JTA platform available (set 'hibernate.transaction.jta.platform' to enable JTA platform integration)
2026-09-17 11:44:22,113 INFO  org.springframework.orm.jpa.LocalContainerEntityManagerFactoryBean - Initialized JPA EntityManagerFactory for persistence unit 'default'
2026-09-17 11:44:22,135 WARN  org.springframework.boot.web.servlet.context.AnnotationConfigServletWebServerApplicationContext - Exception encountered during context initialization - cancelling refresh attempt: org.springframework.beans.factory.UnsatisfiedDependencyException: Error creating bean with name 'aplicacionController' defined in file [C:\Users\gachae\Documents\Personal\Backend\riesgo-psicosocial-api\target\classes\com\riesgopsicosocial\infrastructure\adapter\in\rest\aplicacion\AplicacionController.class]: Unsatisfied dependency expressed through constructor parameter 0: Error creating bean with name 'aplicacionService': Lookup method resolution failed
2026-09-17 11:44:22,135 INFO  org.springframework.orm.jpa.LocalContainerEntityManagerFactoryBean - Closing JPA EntityManagerFactory for persistence unit 'default'
2026-09-17 11:44:22,136 INFO  com.zaxxer.hikari.HikariDataSource - HikariPool-4 - Shutdown initiated...
2026-09-17 11:44:22,196 INFO  com.zaxxer.hikari.HikariDataSource - HikariPool-4 - Shutdown completed.
2026-09-17 11:44:22,197 INFO  org.apache.catalina.core.StandardService - Stopping service [Tomcat]
2026-09-17 11:44:22,206 INFO  org.springframework.boot.autoconfigure.logging.ConditionEvaluationReportLogger - 

Error starting ApplicationContext. To display the condition evaluation report re-run your application with 'debug' enabled.
2026-09-17 11:44:22,216 ERROR org.springframework.boot.SpringApplication - Application run failed
org.springframework.beans.factory.UnsatisfiedDependencyException: Error creating bean with name 'aplicacionController' defined in file [C:\Users\gachae\Documents\Personal\Backend\riesgo-psicosocial-api\target\classes\com\riesgopsicosocial\infrastructure\adapter\in\rest\aplicacion\AplicacionController.class]: Unsatisfied dependency expressed through constructor parameter 0: Error creating bean with name 'aplicacionService': Lookup method resolution failed
	at org.springframework.beans.factory.support.ConstructorResolver.createArgumentArray(ConstructorResolver.java:804)
	at org.springframework.beans.factory.support.ConstructorResolver.autowireConstructor(ConstructorResolver.java:240)
	at org.springframework.beans.factory.support.AbstractAutowireCapableBeanFactory.autowireConstructor(AbstractAutowireCapableBeanFactory.java:1393)
	at org.springframework.beans.factory.support.AbstractAutowireCapableBeanFactory.createBeanInstance(AbstractAutowireCapableBeanFactory.java:1230)
	at org.springframework.beans.factory.support.AbstractAutowireCapableBeanFactory.doCreateBean(AbstractAutowireCapableBeanFactory.java:569)
	at org.springframework.beans.factory.support.AbstractAutowireCapableBeanFactory.createBean(AbstractAutowireCapableBeanFactory.java:529)
	at org.springframework.beans.factory.support.AbstractBeanFactory.lambda$doGetBean$0(AbstractBeanFactory.java:339)
	at org.springframework.beans.factory.support.DefaultSingletonBeanRegistry.getSingleton(DefaultSingletonBeanRegistry.java:373)
	at org.springframework.beans.factory.support.AbstractBeanFactory.doGetBean(AbstractBeanFactory.java:337)
	at org.springframework.beans.factory.support.AbstractBeanFactory.getBean(AbstractBeanFactory.java:202)
	at org.springframework.beans.factory.support.DefaultListableBeanFactory.instantiateSingleton(DefaultListableBeanFactory.java:1235)
	at org.springframework.beans.factory.support.DefaultListableBeanFactory.preInstantiateSingleton(DefaultListableBeanFactory.java:1201)
	at org.springframework.beans.factory.support.DefaultListableBeanFactory.preInstantiateSingletons(DefaultListableBeanFactory.java:1130)
	at org.springframework.context.support.AbstractApplicationContext.finishBeanFactoryInitialization(AbstractApplicationContext.java:991)
	at org.springframework.context.support.AbstractApplicationContext.refresh(AbstractApplicationContext.java:628)
	at org.springframework.boot.web.servlet.context.ServletWebServerApplicationContext.refresh(ServletWebServerApplicationContext.java:146)
	at org.springframework.boot.SpringApplication.refresh(SpringApplication.java:752)
	at org.springframework.boot.SpringApplication.refreshContext(SpringApplication.java:439)
	at org.springframework.boot.SpringApplication.run(SpringApplication.java:318)
	at org.springframework.boot.SpringApplication.run(SpringApplication.java:1361)
	at org.springframework.boot.SpringApplication.run(SpringApplication.java:1350)
	at com.riesgopsicosocial.RiesgoPsicosocialApiApplication.main(RiesgoPsicosocialApiApplication.java:11)
	at java.base/jdk.internal.reflect.NativeMethodAccessorImpl.invoke0(Native Method)
	at java.base/jdk.internal.reflect.NativeMethodAccessorImpl.invoke(NativeMethodAccessorImpl.java:77)
	at java.base/jdk.internal.reflect.DelegatingMethodAccessorImpl.invoke(DelegatingMethodAccessorImpl.java:43)
	at java.base/java.lang.reflect.Method.invoke(Method.java:569)
	at org.springframework.boot.devtools.restart.RestartLauncher.run(RestartLauncher.java:50)
Caused by: org.springframework.beans.factory.BeanCreationException: Error creating bean with name 'aplicacionService': Lookup method resolution failed
	at org.springframework.beans.factory.annotation.AutowiredAnnotationBeanPostProcessor.checkLookupMethods(AutowiredAnnotationBeanPostProcessor.java:498)
	at org.springframework.beans.factory.annotation.AutowiredAnnotationBeanPostProcessor.determineCandidateConstructors(AutowiredAnnotationBeanPostProcessor.java:368)
	at org.springframework.beans.factory.support.AbstractAutowireCapableBeanFactory.determineConstructorsFromBeanPostProcessors(AbstractAutowireCapableBeanFactory.java:1332)
	at org.springframework.beans.factory.support.AbstractAutowireCapableBeanFactory.createBeanInstance(AbstractAutowireCapableBeanFactory.java:1227)
	at org.springframework.beans.factory.support.AbstractAutowireCapableBeanFactory.doCreateBean(AbstractAutowireCapableBeanFactory.java:569)
	at org.springframework.beans.factory.support.AbstractAutowireCapableBeanFactory.createBean(AbstractAutowireCapableBeanFactory.java:529)
	at org.springframework.beans.factory.support.AbstractBeanFactory.lambda$doGetBean$0(AbstractBeanFactory.java:339)
	at org.springframework.beans.factory.support.DefaultSingletonBeanRegistry.getSingleton(DefaultSingletonBeanRegistry.java:373)
	at org.springframework.beans.factory.support.AbstractBeanFactory.doGetBean(AbstractBeanFactory.java:337)
	at org.springframework.beans.factory.support.AbstractBeanFactory.getBean(AbstractBeanFactory.java:202)
	at org.springframework.beans.factory.config.DependencyDescriptor.resolveCandidate(DependencyDescriptor.java:254)
	at org.springframework.beans.factory.support.DefaultListableBeanFactory.doResolveDependency(DefaultListableBeanFactory.java:1777)
	at org.springframework.beans.factory.support.DefaultListableBeanFactory.resolveDependency(DefaultListableBeanFactory.java:1660)
	at org.springframework.beans.factory.support.ConstructorResolver.resolveAutowiredArgument(ConstructorResolver.java:913)
	at org.springframework.beans.factory.support.ConstructorResolver.createArgumentArray(ConstructorResolver.java:791)
	... 26 common frames omitted
Caused by: java.lang.IllegalStateException: Failed to introspect Class [com.riesgopsicosocial.infrastructure.adapter.out.persistence.aplicacion.AplicacionService] from ClassLoader [org.springframework.boot.devtools.restart.classloader.RestartClassLoader@40b9ecbd]
	at org.springframework.util.ReflectionUtils.getDeclaredMethods(ReflectionUtils.java:483)
	at org.springframework.util.ReflectionUtils.doWithLocalMethods(ReflectionUtils.java:320)
	at org.springframework.beans.factory.annotation.AutowiredAnnotationBeanPostProcessor.checkLookupMethods(AutowiredAnnotationBeanPostProcessor.java:476)
	... 40 common frames omitted
Caused by: java.lang.NoClassDefFoundError: com/riesgopsicosocial/shared/exception/ResourceNotFoundException
	at java.base/java.lang.Class.getDeclaredMethods0(Native Method)
	at java.base/java.lang.Class.privateGetDeclaredMethods(Class.java:3402)
	at java.base/java.lang.Class.getDeclaredMethods(Class.java:2504)
	at org.springframework.util.ReflectionUtils.getDeclaredMethods(ReflectionUtils.java:465)
	... 42 common frames omitted
Caused by: java.lang.ClassNotFoundException: com.riesgopsicosocial.shared.exception.ResourceNotFoundException
	at java.base/jdk.internal.loader.BuiltinClassLoader.loadClass(BuiltinClassLoader.java:641)
	at java.base/jdk.internal.loader.ClassLoaders$AppClassLoader.loadClass(ClassLoaders.java:188)
	at java.base/java.lang.ClassLoader.loadClass(ClassLoader.java:525)
	at java.base/java.lang.Class.forName0(Native Method)
	at java.base/java.lang.Class.forName(Class.java:467)
	at org.springframework.boot.devtools.restart.classloader.RestartClassLoader.loadClass(RestartClassLoader.java:121)
	at java.base/java.lang.ClassLoader.loadClass(ClassLoader.java:525)
	... 46 common frames omitted
2026-09-17 11:44:24,671 INFO  com.riesgopsicosocial.RiesgoPsicosocialApiApplication - Starting RiesgoPsicosocialApiApplication using Java 17.0.16 with PID 1976 (C:\Users\gachae\Documents\Personal\Backend\riesgo-psicosocial-api\target\classes started by gachae in C:\Users\gachae\Documents\Personal\Backend\riesgo-psicosocial-api)
2026-09-17 11:44:24,672 INFO  com.riesgopsicosocial.RiesgoPsicosocialApiApplication - The following 1 profile is active: "dev"
2026-09-17 11:44:25,300 INFO  org.springframework.data.repository.config.RepositoryConfigurationDelegate - Bootstrapping Spring Data JPA repositories in DEFAULT mode.
2026-09-17 11:44:25,473 INFO  org.springframework.data.repository.config.RepositoryConfigurationDelegate - Finished Spring Data repository scanning in 171 ms. Found 29 JPA repository interfaces.
2026-09-17 11:44:25,600 INFO  org.springframework.boot.web.embedded.tomcat.TomcatWebServer - Tomcat initialized with port 8080 (http)
2026-09-17 11:44:25,600 INFO  org.apache.catalina.core.StandardService - Starting service [Tomcat]
2026-09-17 11:44:25,601 INFO  org.apache.catalina.core.StandardEngine - Starting Servlet engine: [Apache Tomcat/10.1.55]
2026-09-17 11:44:25,626 INFO  org.apache.catalina.core.ContainerBase.[Tomcat-2].[localhost].[/api] - Initializing Spring embedded WebApplicationContext
2026-09-17 11:44:25,627 INFO  org.springframework.boot.web.servlet.context.ServletWebServerApplicationContext - Root WebApplicationContext: initialization completed in 949 ms
2026-09-17 11:44:25,668 INFO  com.zaxxer.hikari.HikariDataSource - HikariPool-5 - Starting...
2026-09-17 11:44:25,713 INFO  com.zaxxer.hikari.pool.HikariPool - HikariPool-5 - Added connection org.postgresql.jdbc.PgConnection@37bfc133
2026-09-17 11:44:25,713 INFO  com.zaxxer.hikari.HikariDataSource - HikariPool-5 - Start completed.
2026-09-17 11:44:25,714 INFO  org.flywaydb.core.FlywayExecutor - Database: jdbc:postgresql://localhost:5432/bateria_psicosocial (PostgreSQL 16.12)
2026-09-17 11:44:25,735 INFO  org.flywaydb.core.internal.command.DbValidate - Successfully validated 1 migration (execution time 00:00.008s)
2026-09-17 11:44:25,787 INFO  org.flywaydb.core.internal.command.DbMigrate - Current version of schema "public": 1
2026-09-17 11:44:25,788 INFO  org.flywaydb.core.internal.command.DbMigrate - Schema "public" is up to date. No migration necessary.
2026-09-17 11:44:25,843 INFO  org.hibernate.jpa.internal.util.LogHelper - HHH000204: Processing PersistenceUnitInfo [name: default]
2026-09-17 11:44:25,845 INFO  org.hibernate.cache.internal.RegionFactoryInitiator - HHH000026: Second-level cache disabled
2026-09-17 11:44:25,855 INFO  org.springframework.orm.jpa.persistenceunit.SpringPersistenceUnitInfo - No LoadTimeWeaver setup: ignoring JPA class transformer
2026-09-17 11:44:25,866 INFO  org.hibernate.orm.connections.pooling - HHH10001005: Database info:
	Database JDBC URL [Connecting through datasource 'HikariDataSource (HikariPool-5)']
	Database driver: undefined/unknown
	Database version: 16.12
	Autocommit mode: undefined/unknown
	Isolation level: undefined/unknown
	Minimum pool size: undefined/unknown
	Maximum pool size: undefined/unknown
2026-09-17 11:44:26,325 INFO  org.hibernate.engine.transaction.jta.platform.internal.JtaPlatformInitiator - HHH000489: No JTA platform available (set 'hibernate.transaction.jta.platform' to enable JTA platform integration)
2026-09-17 11:44:26,349 INFO  org.springframework.orm.jpa.LocalContainerEntityManagerFactoryBean - Initialized JPA EntityManagerFactory for persistence unit 'default'
2026-09-17 11:44:27,134 INFO  org.springframework.boot.devtools.autoconfigure.OptionalLiveReloadServer - LiveReload server is running on port 35729
2026-09-17 11:44:27,145 INFO  org.springframework.boot.web.embedded.tomcat.TomcatWebServer - Tomcat started on port 8080 (http) with context path '/api'
2026-09-17 11:44:27,149 INFO  com.riesgopsicosocial.RiesgoPsicosocialApiApplication - Started RiesgoPsicosocialApiApplication in 2.545 seconds (process running for 2916.335)
2026-09-17 11:44:27,150 WARN  org.springdoc.core.events.SpringDocAppInitializer - SpringDoc /v3/api-docs endpoint is enabled by default. To disable it in production, set the property 'springdoc.api-docs.enabled=false'
2026-09-17 11:44:27,150 WARN  org.springdoc.core.events.SpringDocAppInitializer - SpringDoc /swagger-ui.html endpoint is enabled by default. To disable it in production, set the property 'springdoc.swagger-ui.enabled=false'
2026-09-17 11:44:27,151 INFO  org.springframework.boot.devtools.autoconfigure.ConditionEvaluationDeltaLoggingListener - Condition evaluation unchanged
2026-09-17 11:52:11,350 INFO  org.springframework.boot.web.embedded.tomcat.GracefulShutdown - Commencing graceful shutdown. Waiting for active requests to complete
2026-09-17 11:52:11,642 INFO  org.springframework.boot.web.embedded.tomcat.GracefulShutdown - Graceful shutdown complete
2026-09-17 11:52:11,645 INFO  org.springframework.orm.jpa.LocalContainerEntityManagerFactoryBean - Closing JPA EntityManagerFactory for persistence unit 'default'
2026-09-17 11:52:11,646 INFO  com.zaxxer.hikari.HikariDataSource - HikariPool-5 - Shutdown initiated...
2026-09-17 11:52:11,656 INFO  com.zaxxer.hikari.HikariDataSource - HikariPool-5 - Shutdown completed.
2026-09-17 11:52:17,704 INFO  com.riesgopsicosocial.RiesgoPsicosocialApiApplication - Starting RiesgoPsicosocialApiApplication using Java 17.0.16 with PID 20364 (C:\Users\gachae\Documents\Personal\Backend\riesgo-psicosocial-api\target\classes started by gachae in C:\Users\gachae\Documents\Personal\Backend\riesgo-psicosocial-api)
2026-09-17 11:52:17,709 INFO  com.riesgopsicosocial.RiesgoPsicosocialApiApplication - The following 1 profile is active: "dev"
2026-09-17 11:52:17,788 INFO  org.springframework.boot.devtools.env.DevToolsPropertyDefaultsPostProcessor - Devtools property defaults active! Set 'spring.devtools.add-properties' to 'false' to disable
2026-09-17 11:52:17,789 INFO  org.springframework.boot.devtools.env.DevToolsPropertyDefaultsPostProcessor - For additional web related logging consider setting the 'logging.level.web' property to 'DEBUG'
2026-09-17 11:52:19,139 INFO  org.springframework.data.repository.config.RepositoryConfigurationDelegate - Bootstrapping Spring Data JPA repositories in DEFAULT mode.
2026-09-17 11:52:19,358 INFO  org.springframework.data.repository.config.RepositoryConfigurationDelegate - Finished Spring Data repository scanning in 198 ms. Found 29 JPA repository interfaces.
2026-09-17 11:52:20,600 INFO  org.springframework.boot.web.embedded.tomcat.TomcatWebServer - Tomcat initialized with port 8080 (http)
2026-09-17 11:52:20,637 INFO  org.apache.catalina.core.StandardService - Starting service [Tomcat]
2026-09-17 11:52:20,638 INFO  org.apache.catalina.core.StandardEngine - Starting Servlet engine: [Apache Tomcat/10.1.55]
2026-09-17 11:52:20,757 INFO  org.apache.catalina.core.ContainerBase.[Tomcat].[localhost].[/api] - Initializing Spring embedded WebApplicationContext
2026-09-17 11:52:20,758 INFO  org.springframework.boot.web.servlet.context.ServletWebServerApplicationContext - Root WebApplicationContext: initialization completed in 2968 ms
2026-09-17 11:52:21,518 INFO  com.zaxxer.hikari.HikariDataSource - HikariPool-1 - Starting...
2026-09-17 11:52:21,820 INFO  com.zaxxer.hikari.pool.HikariPool - HikariPool-1 - Added connection org.postgresql.jdbc.PgConnection@13900847
2026-09-17 11:52:21,823 INFO  com.zaxxer.hikari.HikariDataSource - HikariPool-1 - Start completed.
2026-09-17 11:52:21,860 INFO  org.flywaydb.core.FlywayExecutor - Database: jdbc:postgresql://localhost:5432/bateria_psicosocial (PostgreSQL 16.12)
2026-09-17 11:52:21,954 INFO  org.flywaydb.core.internal.command.DbValidate - Successfully validated 1 migration (execution time 00:00.063s)
2026-09-17 11:52:22,039 INFO  org.flywaydb.core.internal.command.DbMigrate - Current version of schema "public": 1
2026-09-17 11:52:22,050 INFO  org.flywaydb.core.internal.command.DbMigrate - Schema "public" is up to date. No migration necessary.
2026-09-17 11:52:22,528 INFO  org.hibernate.jpa.internal.util.LogHelper - HHH000204: Processing PersistenceUnitInfo [name: default]
2026-09-17 11:52:22,635 INFO  org.hibernate.Version - HHH000412: Hibernate ORM core version 6.6.53.Final
2026-09-17 11:52:22,786 INFO  org.hibernate.cache.internal.RegionFactoryInitiator - HHH000026: Second-level cache disabled
2026-09-17 11:52:23,601 INFO  org.springframework.orm.jpa.persistenceunit.SpringPersistenceUnitInfo - No LoadTimeWeaver setup: ignoring JPA class transformer
2026-09-17 11:52:23,799 INFO  org.hibernate.orm.connections.pooling - HHH10001005: Database info:
	Database JDBC URL [Connecting through datasource 'HikariDataSource (HikariPool-1)']
	Database driver: undefined/unknown
	Database version: 16.12
	Autocommit mode: undefined/unknown
	Isolation level: undefined/unknown
	Minimum pool size: undefined/unknown
	Maximum pool size: undefined/unknown
2026-09-17 11:52:25,530 INFO  org.hibernate.engine.transaction.jta.platform.internal.JtaPlatformInitiator - HHH000489: No JTA platform available (set 'hibernate.transaction.jta.platform' to enable JTA platform integration)
2026-09-17 11:52:25,590 INFO  org.springframework.orm.jpa.LocalContainerEntityManagerFactoryBean - Initialized JPA EntityManagerFactory for persistence unit 'default'
2026-09-17 11:52:28,109 INFO  org.springframework.boot.devtools.autoconfigure.OptionalLiveReloadServer - LiveReload server is running on port 35729
2026-09-17 11:52:28,168 INFO  org.springframework.boot.web.embedded.tomcat.TomcatWebServer - Tomcat started on port 8080 (http) with context path '/api'
2026-09-17 11:52:28,182 INFO  com.riesgopsicosocial.RiesgoPsicosocialApiApplication - Started RiesgoPsicosocialApiApplication in 11.425 seconds (process running for 12.134)
2026-09-17 11:52:28,187 WARN  org.springdoc.core.events.SpringDocAppInitializer - SpringDoc /v3/api-docs endpoint is enabled by default. To disable it in production, set the property 'springdoc.api-docs.enabled=false'
2026-09-17 11:52:28,187 WARN  org.springdoc.core.events.SpringDocAppInitializer - SpringDoc /swagger-ui.html endpoint is enabled by default. To disable it in production, set the property 'springdoc.swagger-ui.enabled=false'
2026-09-17 12:07:20,186 INFO  org.springframework.boot.web.embedded.tomcat.GracefulShutdown - Commencing graceful shutdown. Waiting for active requests to complete
2026-09-17 12:07:20,471 INFO  org.springframework.boot.web.embedded.tomcat.GracefulShutdown - Graceful shutdown complete
2026-09-17 12:07:20,479 INFO  org.springframework.orm.jpa.LocalContainerEntityManagerFactoryBean - Closing JPA EntityManagerFactory for persistence unit 'default'
2026-09-17 12:07:20,484 INFO  com.zaxxer.hikari.HikariDataSource - HikariPool-1 - Shutdown initiated...
2026-09-17 12:07:20,488 INFO  com.zaxxer.hikari.HikariDataSource - HikariPool-1 - Shutdown completed.
2026-09-17 12:07:23,794 INFO  com.riesgopsicosocial.RiesgoPsicosocialApiApplication - Starting RiesgoPsicosocialApiApplication using Java 17.0.16 with PID 328 (C:\Users\gachae\Documents\Personal\Backend\riesgo-psicosocial-api\target\classes started by gachae in C:\Users\gachae\Documents\Personal\Backend\riesgo-psicosocial-api)
2026-09-17 12:07:23,799 INFO  com.riesgopsicosocial.RiesgoPsicosocialApiApplication - The following 1 profile is active: "dev"
2026-09-17 12:07:23,908 INFO  org.springframework.boot.devtools.env.DevToolsPropertyDefaultsPostProcessor - Devtools property defaults active! Set 'spring.devtools.add-properties' to 'false' to disable
2026-09-17 12:07:23,908 INFO  org.springframework.boot.devtools.env.DevToolsPropertyDefaultsPostProcessor - For additional web related logging consider setting the 'logging.level.web' property to 'DEBUG'
2026-09-17 12:07:25,818 INFO  org.springframework.data.repository.config.RepositoryConfigurationDelegate - Bootstrapping Spring Data JPA repositories in DEFAULT mode.
2026-09-17 12:07:26,075 INFO  org.springframework.data.repository.config.RepositoryConfigurationDelegate - Finished Spring Data repository scanning in 242 ms. Found 29 JPA repository interfaces.
2026-09-17 12:07:27,265 INFO  org.springframework.boot.web.embedded.tomcat.TomcatWebServer - Tomcat initialized with port 8080 (http)
2026-09-17 12:07:27,289 INFO  org.apache.catalina.core.StandardService - Starting service [Tomcat]
2026-09-17 12:07:27,290 INFO  org.apache.catalina.core.StandardEngine - Starting Servlet engine: [Apache Tomcat/10.1.55]
2026-09-17 12:07:27,382 INFO  org.apache.catalina.core.ContainerBase.[Tomcat].[localhost].[/api] - Initializing Spring embedded WebApplicationContext
2026-09-17 12:07:27,384 INFO  org.springframework.boot.web.servlet.context.ServletWebServerApplicationContext - Root WebApplicationContext: initialization completed in 3475 ms
2026-09-17 12:07:27,881 INFO  com.zaxxer.hikari.HikariDataSource - HikariPool-1 - Starting...
2026-09-17 12:07:28,168 INFO  com.zaxxer.hikari.pool.HikariPool - HikariPool-1 - Added connection org.postgresql.jdbc.PgConnection@13900847
2026-09-17 12:07:28,171 INFO  com.zaxxer.hikari.HikariDataSource - HikariPool-1 - Start completed.
2026-09-17 12:07:28,218 INFO  org.flywaydb.core.FlywayExecutor - Database: jdbc:postgresql://localhost:5432/bateria_psicosocial (PostgreSQL 16.12)
2026-09-17 12:07:28,301 INFO  org.flywaydb.core.internal.command.DbValidate - Successfully validated 1 migration (execution time 00:00.052s)
2026-09-17 12:07:28,353 INFO  org.flywaydb.core.internal.command.DbMigrate - Current version of schema "public": 1
2026-09-17 12:07:28,358 INFO  org.flywaydb.core.internal.command.DbMigrate - Schema "public" is up to date. No migration necessary.
2026-09-17 12:07:28,558 INFO  org.hibernate.jpa.internal.util.LogHelper - HHH000204: Processing PersistenceUnitInfo [name: default]
2026-09-17 12:07:28,648 INFO  org.hibernate.Version - HHH000412: Hibernate ORM core version 6.6.53.Final
2026-09-17 12:07:28,707 INFO  org.hibernate.cache.internal.RegionFactoryInitiator - HHH000026: Second-level cache disabled
2026-09-17 12:07:29,151 INFO  org.springframework.orm.jpa.persistenceunit.SpringPersistenceUnitInfo - No LoadTimeWeaver setup: ignoring JPA class transformer
2026-09-17 12:07:29,246 INFO  org.hibernate.orm.connections.pooling - HHH10001005: Database info:
	Database JDBC URL [Connecting through datasource 'HikariDataSource (HikariPool-1)']
	Database driver: undefined/unknown
	Database version: 16.12
	Autocommit mode: undefined/unknown
	Isolation level: undefined/unknown
	Minimum pool size: undefined/unknown
	Maximum pool size: undefined/unknown
2026-09-17 12:07:30,968 INFO  org.hibernate.engine.transaction.jta.platform.internal.JtaPlatformInitiator - HHH000489: No JTA platform available (set 'hibernate.transaction.jta.platform' to enable JTA platform integration)
2026-09-17 12:07:31,023 INFO  org.springframework.orm.jpa.LocalContainerEntityManagerFactoryBean - Initialized JPA EntityManagerFactory for persistence unit 'default'
2026-09-17 12:07:33,781 INFO  org.springframework.boot.devtools.autoconfigure.OptionalLiveReloadServer - LiveReload server is running on port 35729
2026-09-17 12:07:33,854 INFO  org.springframework.boot.web.embedded.tomcat.TomcatWebServer - Tomcat started on port 8080 (http) with context path '/api'
2026-09-17 12:07:33,869 INFO  com.riesgopsicosocial.RiesgoPsicosocialApiApplication - Started RiesgoPsicosocialApiApplication in 11.177 seconds (process running for 12.056)
2026-09-17 12:07:33,877 WARN  org.springdoc.core.events.SpringDocAppInitializer - SpringDoc /v3/api-docs endpoint is enabled by default. To disable it in production, set the property 'springdoc.api-docs.enabled=false'
2026-09-17 12:07:33,878 WARN  org.springdoc.core.events.SpringDocAppInitializer - SpringDoc /swagger-ui.html endpoint is enabled by default. To disable it in production, set the property 'springdoc.swagger-ui.enabled=false'
2026-09-17 14:51:07,095 INFO  org.springframework.boot.devtools.autoconfigure.LocalDevToolsAutoConfiguration$RestartingClassPathChangeChangedEventListener - Restarting due to 155 class path changes (0 additions, 155 deletions, 0 modifications)
2026-09-17 14:51:07,151 INFO  org.springframework.boot.web.embedded.tomcat.GracefulShutdown - Commencing graceful shutdown. Waiting for active requests to complete
2026-09-17 14:51:07,702 INFO  org.springframework.boot.web.embedded.tomcat.GracefulShutdown - Graceful shutdown complete
2026-09-17 14:51:07,731 INFO  org.springframework.orm.jpa.LocalContainerEntityManagerFactoryBean - Closing JPA EntityManagerFactory for persistence unit 'default'
2026-09-17 14:51:07,762 INFO  com.zaxxer.hikari.HikariDataSource - HikariPool-1 - Shutdown initiated...
2026-09-17 14:51:07,781 INFO  com.zaxxer.hikari.HikariDataSource - HikariPool-1 - Shutdown completed.
2026-09-17 14:51:08,067 INFO  com.riesgopsicosocial.RiesgoPsicosocialApiApplication - Starting RiesgoPsicosocialApiApplication using Java 17.0.16 with PID 328 (C:\Users\gachae\Documents\Personal\Backend\riesgo-psicosocial-api\target\classes started by gachae in C:\Users\gachae\Documents\Personal\Backend\riesgo-psicosocial-api)
2026-09-17 14:51:08,068 INFO  com.riesgopsicosocial.RiesgoPsicosocialApiApplication - The following 1 profile is active: "dev"
2026-09-17 14:51:08,679 INFO  org.springframework.data.repository.config.RepositoryConfigurationDelegate - Bootstrapping Spring Data JPA repositories in DEFAULT mode.
2026-09-17 14:51:08,772 INFO  org.springframework.data.repository.config.RepositoryConfigurationDelegate - Finished Spring Data repository scanning in 91 ms. Found 3 JPA repository interfaces.
2026-09-17 14:51:09,100 INFO  org.springframework.boot.web.embedded.tomcat.TomcatWebServer - Tomcat initialized with port 8080 (http)
2026-09-17 14:51:09,102 INFO  org.apache.catalina.core.StandardService - Starting service [Tomcat]
2026-09-17 14:51:09,103 INFO  org.apache.catalina.core.StandardEngine - Starting Servlet engine: [Apache Tomcat/10.1.55]
2026-09-17 14:51:09,148 INFO  org.apache.catalina.core.ContainerBase.[Tomcat].[localhost].[/api] - Initializing Spring embedded WebApplicationContext
2026-09-17 14:51:09,149 INFO  org.springframework.boot.web.servlet.context.ServletWebServerApplicationContext - Root WebApplicationContext: initialization completed in 1074 ms
2026-09-17 14:51:09,250 INFO  com.zaxxer.hikari.HikariDataSource - HikariPool-2 - Starting...
2026-09-17 14:51:09,324 INFO  com.zaxxer.hikari.pool.HikariPool - HikariPool-2 - Added connection org.postgresql.jdbc.PgConnection@6e0358a4
2026-09-17 14:51:09,325 INFO  com.zaxxer.hikari.HikariDataSource - HikariPool-2 - Start completed.
2026-09-17 14:51:09,329 INFO  org.flywaydb.core.FlywayExecutor - Database: jdbc:postgresql://localhost:5432/bateria_psicosocial (PostgreSQL 16.12)
2026-09-17 14:51:09,391 INFO  org.flywaydb.core.internal.command.DbValidate - Successfully validated 1 migration (execution time 00:00.028s)
2026-09-17 14:51:09,479 INFO  org.flywaydb.core.internal.command.DbMigrate - Current version of schema "public": 1
2026-09-17 14:51:09,480 INFO  org.flywaydb.core.internal.command.DbMigrate - Schema "public" is up to date. No migration necessary.
2026-09-17 14:51:09,600 INFO  org.hibernate.jpa.internal.util.LogHelper - HHH000204: Processing PersistenceUnitInfo [name: default]
2026-09-17 14:51:09,614 INFO  org.hibernate.cache.internal.RegionFactoryInitiator - HHH000026: Second-level cache disabled
2026-09-17 14:51:09,664 INFO  org.springframework.orm.jpa.persistenceunit.SpringPersistenceUnitInfo - No LoadTimeWeaver setup: ignoring JPA class transformer
2026-09-17 14:51:09,686 INFO  org.hibernate.orm.connections.pooling - HHH10001005: Database info:
	Database JDBC URL [Connecting through datasource 'HikariDataSource (HikariPool-2)']
	Database driver: undefined/unknown
	Database version: 16.12
	Autocommit mode: undefined/unknown
	Isolation level: undefined/unknown
	Minimum pool size: undefined/unknown
	Maximum pool size: undefined/unknown
2026-09-17 14:51:09,907 INFO  org.hibernate.engine.transaction.jta.platform.internal.JtaPlatformInitiator - HHH000489: No JTA platform available (set 'hibernate.transaction.jta.platform' to enable JTA platform integration)
2026-09-17 14:51:09,969 INFO  org.springframework.orm.jpa.LocalContainerEntityManagerFactoryBean - Initialized JPA EntityManagerFactory for persistence unit 'default'
2026-09-17 14:51:10,006 WARN  org.springframework.boot.web.servlet.context.AnnotationConfigServletWebServerApplicationContext - Exception encountered during context initialization - cancelling refresh attempt: org.springframework.beans.factory.UnsatisfiedDependencyException: Error creating bean with name 'aplicacionController' defined in file [C:\Users\gachae\Documents\Personal\Backend\riesgo-psicosocial-api\target\classes\com\riesgopsicosocial\infrastructure\adapter\in\rest\aplicacion\AplicacionController.class]: Unsatisfied dependency expressed through constructor parameter 0: Error creating bean with name 'aplicacionService': Lookup method resolution failed
2026-09-17 14:51:10,007 INFO  org.springframework.orm.jpa.LocalContainerEntityManagerFactoryBean - Closing JPA EntityManagerFactory for persistence unit 'default'
2026-09-17 14:51:10,008 INFO  com.zaxxer.hikari.HikariDataSource - HikariPool-2 - Shutdown initiated...
2026-09-17 14:51:10,053 INFO  com.zaxxer.hikari.HikariDataSource - HikariPool-2 - Shutdown completed.
2026-09-17 14:51:10,055 INFO  org.apache.catalina.core.StandardService - Stopping service [Tomcat]
2026-09-17 14:51:10,069 INFO  org.springframework.boot.autoconfigure.logging.ConditionEvaluationReportLogger - 

Error starting ApplicationContext. To display the condition evaluation report re-run your application with 'debug' enabled.
2026-09-17 14:51:10,125 ERROR org.springframework.boot.SpringApplication - Application run failed
org.springframework.beans.factory.UnsatisfiedDependencyException: Error creating bean with name 'aplicacionController' defined in file [C:\Users\gachae\Documents\Personal\Backend\riesgo-psicosocial-api\target\classes\com\riesgopsicosocial\infrastructure\adapter\in\rest\aplicacion\AplicacionController.class]: Unsatisfied dependency expressed through constructor parameter 0: Error creating bean with name 'aplicacionService': Lookup method resolution failed
	at org.springframework.beans.factory.support.ConstructorResolver.createArgumentArray(ConstructorResolver.java:804)
	at org.springframework.beans.factory.support.ConstructorResolver.autowireConstructor(ConstructorResolver.java:240)
	at org.springframework.beans.factory.support.AbstractAutowireCapableBeanFactory.autowireConstructor(AbstractAutowireCapableBeanFactory.java:1393)
	at org.springframework.beans.factory.support.AbstractAutowireCapableBeanFactory.createBeanInstance(AbstractAutowireCapableBeanFactory.java:1230)
	at org.springframework.beans.factory.support.AbstractAutowireCapableBeanFactory.doCreateBean(AbstractAutowireCapableBeanFactory.java:569)
	at org.springframework.beans.factory.support.AbstractAutowireCapableBeanFactory.createBean(AbstractAutowireCapableBeanFactory.java:529)
	at org.springframework.beans.factory.support.AbstractBeanFactory.lambda$doGetBean$0(AbstractBeanFactory.java:339)
	at org.springframework.beans.factory.support.DefaultSingletonBeanRegistry.getSingleton(DefaultSingletonBeanRegistry.java:373)
	at org.springframework.beans.factory.support.AbstractBeanFactory.doGetBean(AbstractBeanFactory.java:337)
	at org.springframework.beans.factory.support.AbstractBeanFactory.getBean(AbstractBeanFactory.java:202)
	at org.springframework.beans.factory.support.DefaultListableBeanFactory.instantiateSingleton(DefaultListableBeanFactory.java:1235)
	at org.springframework.beans.factory.support.DefaultListableBeanFactory.preInstantiateSingleton(DefaultListableBeanFactory.java:1201)
	at org.springframework.beans.factory.support.DefaultListableBeanFactory.preInstantiateSingletons(DefaultListableBeanFactory.java:1130)
	at org.springframework.context.support.AbstractApplicationContext.finishBeanFactoryInitialization(AbstractApplicationContext.java:991)
	at org.springframework.context.support.AbstractApplicationContext.refresh(AbstractApplicationContext.java:628)
	at org.springframework.boot.web.servlet.context.ServletWebServerApplicationContext.refresh(ServletWebServerApplicationContext.java:146)
	at org.springframework.boot.SpringApplication.refresh(SpringApplication.java:752)
	at org.springframework.boot.SpringApplication.refreshContext(SpringApplication.java:439)
	at org.springframework.boot.SpringApplication.run(SpringApplication.java:318)
	at org.springframework.boot.SpringApplication.run(SpringApplication.java:1361)
	at org.springframework.boot.SpringApplication.run(SpringApplication.java:1350)
	at com.riesgopsicosocial.RiesgoPsicosocialApiApplication.main(RiesgoPsicosocialApiApplication.java:11)
	at java.base/jdk.internal.reflect.NativeMethodAccessorImpl.invoke0(Native Method)
	at java.base/jdk.internal.reflect.NativeMethodAccessorImpl.invoke(NativeMethodAccessorImpl.java:77)
	at java.base/jdk.internal.reflect.DelegatingMethodAccessorImpl.invoke(DelegatingMethodAccessorImpl.java:43)
	at java.base/java.lang.reflect.Method.invoke(Method.java:569)
	at org.springframework.boot.devtools.restart.RestartLauncher.run(RestartLauncher.java:50)
Caused by: org.springframework.beans.factory.BeanCreationException: Error creating bean with name 'aplicacionService': Lookup method resolution failed
	at org.springframework.beans.factory.annotation.AutowiredAnnotationBeanPostProcessor.checkLookupMethods(AutowiredAnnotationBeanPostProcessor.java:498)
	at org.springframework.beans.factory.annotation.AutowiredAnnotationBeanPostProcessor.determineCandidateConstructors(AutowiredAnnotationBeanPostProcessor.java:368)
	at org.springframework.beans.factory.support.AbstractAutowireCapableBeanFactory.determineConstructorsFromBeanPostProcessors(AbstractAutowireCapableBeanFactory.java:1332)
	at org.springframework.beans.factory.support.AbstractAutowireCapableBeanFactory.createBeanInstance(AbstractAutowireCapableBeanFactory.java:1227)
	at org.springframework.beans.factory.support.AbstractAutowireCapableBeanFactory.doCreateBean(AbstractAutowireCapableBeanFactory.java:569)
	at org.springframework.beans.factory.support.AbstractAutowireCapableBeanFactory.createBean(AbstractAutowireCapableBeanFactory.java:529)
	at org.springframework.beans.factory.support.AbstractBeanFactory.lambda$doGetBean$0(AbstractBeanFactory.java:339)
	at org.springframework.beans.factory.support.DefaultSingletonBeanRegistry.getSingleton(DefaultSingletonBeanRegistry.java:373)
	at org.springframework.beans.factory.support.AbstractBeanFactory.doGetBean(AbstractBeanFactory.java:337)
	at org.springframework.beans.factory.support.AbstractBeanFactory.getBean(AbstractBeanFactory.java:202)
	at org.springframework.beans.factory.config.DependencyDescriptor.resolveCandidate(DependencyDescriptor.java:254)
	at org.springframework.beans.factory.support.DefaultListableBeanFactory.doResolveDependency(DefaultListableBeanFactory.java:1777)
	at org.springframework.beans.factory.support.DefaultListableBeanFactory.resolveDependency(DefaultListableBeanFactory.java:1660)
	at org.springframework.beans.factory.support.ConstructorResolver.resolveAutowiredArgument(ConstructorResolver.java:913)
	at org.springframework.beans.factory.support.ConstructorResolver.createArgumentArray(ConstructorResolver.java:791)
	... 26 common frames omitted
Caused by: java.lang.IllegalStateException: Failed to introspect Class [com.riesgopsicosocial.infrastructure.adapter.out.persistence.aplicacion.AplicacionService] from ClassLoader [org.springframework.boot.devtools.restart.classloader.RestartClassLoader@cf260f1]
	at org.springframework.util.ReflectionUtils.getDeclaredMethods(ReflectionUtils.java:483)
	at org.springframework.util.ReflectionUtils.doWithLocalMethods(ReflectionUtils.java:320)
	at org.springframework.beans.factory.annotation.AutowiredAnnotationBeanPostProcessor.checkLookupMethods(AutowiredAnnotationBeanPostProcessor.java:476)
	... 40 common frames omitted
Caused by: java.lang.NoClassDefFoundError: com/riesgopsicosocial/shared/exception/ResourceNotFoundException
	at java.base/java.lang.Class.getDeclaredMethods0(Native Method)
	at java.base/java.lang.Class.privateGetDeclaredMethods(Class.java:3402)
	at java.base/java.lang.Class.getDeclaredMethods(Class.java:2504)
	at org.springframework.util.ReflectionUtils.getDeclaredMethods(ReflectionUtils.java:465)
	... 42 common frames omitted
Caused by: java.lang.ClassNotFoundException: com.riesgopsicosocial.shared.exception.ResourceNotFoundException
	at java.base/jdk.internal.loader.BuiltinClassLoader.loadClass(BuiltinClassLoader.java:641)
	at java.base/jdk.internal.loader.ClassLoaders$AppClassLoader.loadClass(ClassLoaders.java:188)
	at java.base/java.lang.ClassLoader.loadClass(ClassLoader.java:525)
	at java.base/java.lang.Class.forName0(Native Method)
	at java.base/java.lang.Class.forName(Class.java:467)
	at org.springframework.boot.devtools.restart.classloader.RestartClassLoader.loadClass(RestartClassLoader.java:121)
	at java.base/java.lang.ClassLoader.loadClass(ClassLoader.java:525)
	... 46 common frames omitted
2026-09-17 14:51:13,004 INFO  com.riesgopsicosocial.RiesgoPsicosocialApiApplication - Starting RiesgoPsicosocialApiApplication using Java 17.0.16 with PID 328 (C:\Users\gachae\Documents\Personal\Backend\riesgo-psicosocial-api\target\classes started by gachae in C:\Users\gachae\Documents\Personal\Backend\riesgo-psicosocial-api)
2026-09-17 14:51:13,006 INFO  com.riesgopsicosocial.RiesgoPsicosocialApiApplication - The following 1 profile is active: "dev"
2026-09-17 14:51:13,596 INFO  org.springframework.data.repository.config.RepositoryConfigurationDelegate - Bootstrapping Spring Data JPA repositories in DEFAULT mode.
2026-09-17 14:51:13,767 INFO  org.springframework.data.repository.config.RepositoryConfigurationDelegate - Finished Spring Data repository scanning in 170 ms. Found 31 JPA repository interfaces.
2026-09-17 14:51:13,961 INFO  org.springframework.boot.web.embedded.tomcat.TomcatWebServer - Tomcat initialized with port 8080 (http)
2026-09-17 14:51:13,965 INFO  org.apache.catalina.core.StandardService - Starting service [Tomcat]
2026-09-17 14:51:13,965 INFO  org.apache.catalina.core.StandardEngine - Starting Servlet engine: [Apache Tomcat/10.1.55]
2026-09-17 14:51:13,995 INFO  org.apache.catalina.core.ContainerBase.[Tomcat-1].[localhost].[/api] - Initializing Spring embedded WebApplicationContext
2026-09-17 14:51:13,995 INFO  org.springframework.boot.web.servlet.context.ServletWebServerApplicationContext - Root WebApplicationContext: initialization completed in 979 ms
2026-09-17 14:51:14,054 INFO  com.zaxxer.hikari.HikariDataSource - HikariPool-3 - Starting...
2026-09-17 14:51:14,100 INFO  com.zaxxer.hikari.pool.HikariPool - HikariPool-3 - Added connection org.postgresql.jdbc.PgConnection@2c5f9e73
2026-09-17 14:51:14,102 INFO  com.zaxxer.hikari.HikariDataSource - HikariPool-3 - Start completed.
2026-09-17 14:51:14,103 INFO  org.flywaydb.core.FlywayExecutor - Database: jdbc:postgresql://localhost:5432/bateria_psicosocial (PostgreSQL 16.12)
2026-09-17 14:51:14,131 INFO  org.flywaydb.core.internal.command.DbValidate - Successfully validated 1 migration (execution time 00:00.011s)
2026-09-17 14:51:14,197 INFO  org.flywaydb.core.internal.command.DbMigrate - Current version of schema "public": 1
2026-09-17 14:51:14,198 INFO  org.flywaydb.core.internal.command.DbMigrate - Schema "public" is up to date. No migration necessary.
2026-09-17 14:51:14,266 INFO  org.hibernate.jpa.internal.util.LogHelper - HHH000204: Processing PersistenceUnitInfo [name: default]
2026-09-17 14:51:14,270 INFO  org.hibernate.cache.internal.RegionFactoryInitiator - HHH000026: Second-level cache disabled
2026-09-17 14:51:14,285 INFO  org.springframework.orm.jpa.persistenceunit.SpringPersistenceUnitInfo - No LoadTimeWeaver setup: ignoring JPA class transformer
2026-09-17 14:51:14,297 INFO  org.hibernate.orm.connections.pooling - HHH10001005: Database info:
	Database JDBC URL [Connecting through datasource 'HikariDataSource (HikariPool-3)']
	Database driver: undefined/unknown
	Database version: 16.12
	Autocommit mode: undefined/unknown
	Isolation level: undefined/unknown
	Minimum pool size: undefined/unknown
	Maximum pool size: undefined/unknown
2026-09-17 14:51:14,751 INFO  org.hibernate.engine.transaction.jta.platform.internal.JtaPlatformInitiator - HHH000489: No JTA platform available (set 'hibernate.transaction.jta.platform' to enable JTA platform integration)
2026-09-17 14:51:14,775 INFO  org.springframework.orm.jpa.LocalContainerEntityManagerFactoryBean - Initialized JPA EntityManagerFactory for persistence unit 'default'
2026-09-17 14:51:15,559 INFO  org.springframework.boot.devtools.autoconfigure.OptionalLiveReloadServer - LiveReload server is running on port 35729
2026-09-17 14:51:15,569 INFO  org.springframework.boot.web.embedded.tomcat.TomcatWebServer - Tomcat started on port 8080 (http) with context path '/api'
2026-09-17 14:51:15,576 INFO  com.riesgopsicosocial.RiesgoPsicosocialApiApplication - Started RiesgoPsicosocialApiApplication in 2.618 seconds (process running for 9833.783)
2026-09-17 14:51:15,577 WARN  org.springdoc.core.events.SpringDocAppInitializer - SpringDoc /v3/api-docs endpoint is enabled by default. To disable it in production, set the property 'springdoc.api-docs.enabled=false'
2026-09-17 14:51:15,577 WARN  org.springdoc.core.events.SpringDocAppInitializer - SpringDoc /swagger-ui.html endpoint is enabled by default. To disable it in production, set the property 'springdoc.swagger-ui.enabled=false'
2026-09-17 14:51:15,579 INFO  org.springframework.boot.devtools.autoconfigure.ConditionEvaluationDeltaLoggingListener - Condition evaluation unchanged
2026-09-17 15:05:02,725 INFO  org.springframework.boot.web.embedded.tomcat.GracefulShutdown - Commencing graceful shutdown. Waiting for active requests to complete
2026-09-17 15:05:03,007 INFO  org.springframework.boot.web.embedded.tomcat.GracefulShutdown - Graceful shutdown complete
2026-09-17 15:05:03,010 INFO  org.springframework.orm.jpa.LocalContainerEntityManagerFactoryBean - Closing JPA EntityManagerFactory for persistence unit 'default'
2026-09-17 15:05:03,011 INFO  com.zaxxer.hikari.HikariDataSource - HikariPool-3 - Shutdown initiated...
2026-09-17 15:05:03,020 INFO  com.zaxxer.hikari.HikariDataSource - HikariPool-3 - Shutdown completed.
2026-09-17 15:05:09,113 INFO  com.riesgopsicosocial.RiesgoPsicosocialApiApplication - Starting RiesgoPsicosocialApiApplication using Java 17.0.16 with PID 24112 (C:\Users\gachae\Documents\Personal\Backend\riesgo-psicosocial-api\target\classes started by gachae in C:\Users\gachae\Documents\Personal\Backend\riesgo-psicosocial-api)
2026-09-17 15:05:09,116 INFO  com.riesgopsicosocial.RiesgoPsicosocialApiApplication - The following 1 profile is active: "dev"
2026-09-17 15:05:09,191 INFO  org.springframework.boot.devtools.env.DevToolsPropertyDefaultsPostProcessor - Devtools property defaults active! Set 'spring.devtools.add-properties' to 'false' to disable
2026-09-17 15:05:09,192 INFO  org.springframework.boot.devtools.env.DevToolsPropertyDefaultsPostProcessor - For additional web related logging consider setting the 'logging.level.web' property to 'DEBUG'
2026-09-17 15:05:10,400 INFO  org.springframework.data.repository.config.RepositoryConfigurationDelegate - Bootstrapping Spring Data JPA repositories in DEFAULT mode.
2026-09-17 15:05:10,577 INFO  org.springframework.data.repository.config.RepositoryConfigurationDelegate - Finished Spring Data repository scanning in 162 ms. Found 31 JPA repository interfaces.
2026-09-17 15:05:11,505 INFO  org.springframework.boot.web.embedded.tomcat.TomcatWebServer - Tomcat initialized with port 8080 (http)
2026-09-17 15:05:11,528 INFO  org.apache.catalina.core.StandardService - Starting service [Tomcat]
2026-09-17 15:05:11,529 INFO  org.apache.catalina.core.StandardEngine - Starting Servlet engine: [Apache Tomcat/10.1.55]
2026-09-17 15:05:11,608 INFO  org.apache.catalina.core.ContainerBase.[Tomcat].[localhost].[/api] - Initializing Spring embedded WebApplicationContext
2026-09-17 15:05:11,608 INFO  org.springframework.boot.web.servlet.context.ServletWebServerApplicationContext - Root WebApplicationContext: initialization completed in 2415 ms
2026-09-17 15:05:12,091 INFO  com.zaxxer.hikari.HikariDataSource - HikariPool-1 - Starting...
2026-09-17 15:05:12,403 INFO  com.zaxxer.hikari.pool.HikariPool - HikariPool-1 - Added connection org.postgresql.jdbc.PgConnection@9528b1b
2026-09-17 15:05:12,430 INFO  com.zaxxer.hikari.HikariDataSource - HikariPool-1 - Start completed.
2026-09-17 15:05:12,469 INFO  org.flywaydb.core.FlywayExecutor - Database: jdbc:postgresql://localhost:5432/bateria_psicosocial (PostgreSQL 16.12)
2026-09-17 15:05:12,560 INFO  org.flywaydb.core.internal.command.DbValidate - Successfully validated 1 migration (execution time 00:00.061s)
2026-09-17 15:05:12,606 INFO  org.flywaydb.core.internal.command.DbMigrate - Current version of schema "public": 1
2026-09-17 15:05:12,616 INFO  org.flywaydb.core.internal.command.DbMigrate - Schema "public" is up to date. No migration necessary.
2026-09-17 15:05:12,837 INFO  org.hibernate.jpa.internal.util.LogHelper - HHH000204: Processing PersistenceUnitInfo [name: default]
2026-09-17 15:05:12,977 INFO  org.hibernate.Version - HHH000412: Hibernate ORM core version 6.6.53.Final
2026-09-17 15:05:13,060 INFO  org.hibernate.cache.internal.RegionFactoryInitiator - HHH000026: Second-level cache disabled
2026-09-17 15:05:13,557 INFO  org.springframework.orm.jpa.persistenceunit.SpringPersistenceUnitInfo - No LoadTimeWeaver setup: ignoring JPA class transformer
2026-09-17 15:05:13,704 INFO  org.hibernate.orm.connections.pooling - HHH10001005: Database info:
	Database JDBC URL [Connecting through datasource 'HikariDataSource (HikariPool-1)']
	Database driver: undefined/unknown
	Database version: 16.12
	Autocommit mode: undefined/unknown
	Isolation level: undefined/unknown
	Minimum pool size: undefined/unknown
	Maximum pool size: undefined/unknown
2026-09-17 15:05:15,128 INFO  org.hibernate.engine.transaction.jta.platform.internal.JtaPlatformInitiator - HHH000489: No JTA platform available (set 'hibernate.transaction.jta.platform' to enable JTA platform integration)
2026-09-17 15:05:15,178 INFO  org.springframework.orm.jpa.LocalContainerEntityManagerFactoryBean - Initialized JPA EntityManagerFactory for persistence unit 'default'
2026-09-17 15:05:17,106 INFO  org.springframework.boot.devtools.autoconfigure.OptionalLiveReloadServer - LiveReload server is running on port 35729
2026-09-17 15:05:17,157 INFO  org.springframework.boot.web.embedded.tomcat.TomcatWebServer - Tomcat started on port 8080 (http) with context path '/api'
2026-09-17 15:05:17,173 INFO  com.riesgopsicosocial.RiesgoPsicosocialApiApplication - Started RiesgoPsicosocialApiApplication in 8.976 seconds (process running for 9.995)
2026-09-17 15:05:17,178 WARN  org.springdoc.core.events.SpringDocAppInitializer - SpringDoc /v3/api-docs endpoint is enabled by default. To disable it in production, set the property 'springdoc.api-docs.enabled=false'
2026-09-17 15:05:17,178 WARN  org.springdoc.core.events.SpringDocAppInitializer - SpringDoc /swagger-ui.html endpoint is enabled by default. To disable it in production, set the property 'springdoc.swagger-ui.enabled=false'
2026-09-17 15:06:52,925 INFO  org.apache.catalina.core.ContainerBase.[Tomcat].[localhost].[/api] - Initializing Spring DispatcherServlet 'dispatcherServlet'
2026-09-17 15:06:52,925 INFO  org.springframework.web.servlet.DispatcherServlet - Initializing Servlet 'dispatcherServlet'
2026-09-17 15:06:52,926 INFO  org.springframework.web.servlet.DispatcherServlet - Completed initialization in 1 ms
2026-09-17 15:06:54,384 INFO  org.springdoc.api.AbstractOpenApiResource - Init duration for springdoc-openapi is: 1176 ms
2026-09-17 16:13:09,913 INFO  org.springframework.boot.web.embedded.tomcat.GracefulShutdown - Commencing graceful shutdown. Waiting for active requests to complete
2026-09-17 16:13:10,177 INFO  org.springframework.boot.web.embedded.tomcat.GracefulShutdown - Graceful shutdown complete
2026-09-17 16:13:10,186 INFO  org.springframework.orm.jpa.LocalContainerEntityManagerFactoryBean - Closing JPA EntityManagerFactory for persistence unit 'default'
2026-09-17 16:13:10,190 INFO  com.zaxxer.hikari.HikariDataSource - HikariPool-1 - Shutdown initiated...
2026-09-17 16:13:10,210 INFO  com.zaxxer.hikari.HikariDataSource - HikariPool-1 - Shutdown completed.
2026-09-17 16:13:13,217 INFO  com.riesgopsicosocial.RiesgoPsicosocialApiApplication - Starting RiesgoPsicosocialApiApplication using Java 17.0.16 with PID 3616 (C:\Users\gachae\Documents\Personal\Backend\riesgo-psicosocial-api\target\classes started by gachae in C:\Users\gachae\Documents\Personal\Backend\riesgo-psicosocial-api)
2026-09-17 16:13:13,221 INFO  com.riesgopsicosocial.RiesgoPsicosocialApiApplication - The following 1 profile is active: "dev"
2026-09-17 16:13:13,308 INFO  org.springframework.boot.devtools.env.DevToolsPropertyDefaultsPostProcessor - Devtools property defaults active! Set 'spring.devtools.add-properties' to 'false' to disable
2026-09-17 16:13:13,308 INFO  org.springframework.boot.devtools.env.DevToolsPropertyDefaultsPostProcessor - For additional web related logging consider setting the 'logging.level.web' property to 'DEBUG'
2026-09-17 16:13:14,605 INFO  org.springframework.data.repository.config.RepositoryConfigurationDelegate - Bootstrapping Spring Data JPA repositories in DEFAULT mode.
2026-09-17 16:13:14,808 INFO  org.springframework.data.repository.config.RepositoryConfigurationDelegate - Finished Spring Data repository scanning in 189 ms. Found 31 JPA repository interfaces.
2026-09-17 16:13:15,682 INFO  org.springframework.boot.web.embedded.tomcat.TomcatWebServer - Tomcat initialized with port 8080 (http)
2026-09-17 16:13:15,705 INFO  org.apache.catalina.core.StandardService - Starting service [Tomcat]
2026-09-17 16:13:15,705 INFO  org.apache.catalina.core.StandardEngine - Starting Servlet engine: [Apache Tomcat/10.1.55]
2026-09-17 16:13:15,770 INFO  org.apache.catalina.core.ContainerBase.[Tomcat].[localhost].[/api] - Initializing Spring embedded WebApplicationContext
2026-09-17 16:13:15,770 INFO  org.springframework.boot.web.servlet.context.ServletWebServerApplicationContext - Root WebApplicationContext: initialization completed in 2461 ms
2026-09-17 16:13:16,203 INFO  com.zaxxer.hikari.HikariDataSource - HikariPool-1 - Starting...
2026-09-17 16:13:16,490 INFO  com.zaxxer.hikari.pool.HikariPool - HikariPool-1 - Added connection org.postgresql.jdbc.PgConnection@1c11228
2026-09-17 16:13:16,493 INFO  com.zaxxer.hikari.HikariDataSource - HikariPool-1 - Start completed.
2026-09-17 16:13:16,539 INFO  org.flywaydb.core.FlywayExecutor - Database: jdbc:postgresql://localhost:5432/bateria_psicosocial (PostgreSQL 16.12)
2026-09-17 16:13:16,621 INFO  org.flywaydb.core.internal.command.DbValidate - Successfully validated 1 migration (execution time 00:00.049s)
2026-09-17 16:13:16,681 INFO  org.flywaydb.core.internal.command.DbMigrate - Current version of schema "public": 1
2026-09-17 16:13:16,689 INFO  org.flywaydb.core.internal.command.DbMigrate - Schema "public" is up to date. No migration necessary.
2026-09-17 16:13:16,891 INFO  org.hibernate.jpa.internal.util.LogHelper - HHH000204: Processing PersistenceUnitInfo [name: default]
2026-09-17 16:13:17,001 INFO  org.hibernate.Version - HHH000412: Hibernate ORM core version 6.6.53.Final
2026-09-17 16:13:17,062 INFO  org.hibernate.cache.internal.RegionFactoryInitiator - HHH000026: Second-level cache disabled
2026-09-17 16:13:17,530 INFO  org.springframework.orm.jpa.persistenceunit.SpringPersistenceUnitInfo - No LoadTimeWeaver setup: ignoring JPA class transformer
2026-09-17 16:13:17,661 INFO  org.hibernate.orm.connections.pooling - HHH10001005: Database info:
	Database JDBC URL [Connecting through datasource 'HikariDataSource (HikariPool-1)']
	Database driver: undefined/unknown
	Database version: 16.12
	Autocommit mode: undefined/unknown
	Isolation level: undefined/unknown
	Minimum pool size: undefined/unknown
	Maximum pool size: undefined/unknown
2026-09-17 16:13:19,012 INFO  org.hibernate.engine.transaction.jta.platform.internal.JtaPlatformInitiator - HHH000489: No JTA platform available (set 'hibernate.transaction.jta.platform' to enable JTA platform integration)
2026-09-17 16:13:19,061 INFO  org.springframework.orm.jpa.LocalContainerEntityManagerFactoryBean - Initialized JPA EntityManagerFactory for persistence unit 'default'
2026-09-17 16:13:20,917 INFO  org.springframework.boot.devtools.autoconfigure.OptionalLiveReloadServer - LiveReload server is running on port 35729
2026-09-17 16:13:20,989 INFO  org.springframework.boot.web.embedded.tomcat.TomcatWebServer - Tomcat started on port 8080 (http) with context path '/api'
2026-09-17 16:13:21,001 INFO  com.riesgopsicosocial.RiesgoPsicosocialApiApplication - Started RiesgoPsicosocialApiApplication in 8.621 seconds (process running for 9.335)
2026-09-17 16:13:21,007 WARN  org.springdoc.core.events.SpringDocAppInitializer - SpringDoc /v3/api-docs endpoint is enabled by default. To disable it in production, set the property 'springdoc.api-docs.enabled=false'
2026-09-17 16:13:21,007 WARN  org.springdoc.core.events.SpringDocAppInitializer - SpringDoc /swagger-ui.html endpoint is enabled by default. To disable it in production, set the property 'springdoc.swagger-ui.enabled=false'
2026-09-17 16:18:29,545 INFO  com.riesgopsicosocial.RiesgoPsicosocialApiApplication - Starting RiesgoPsicosocialApiApplication using Java 17.0.15 with PID 14480 (C:\Users\gachae\Documents\Personal\Backend\riesgo-psicosocial-api\target\classes started by gachae in C:\Users\gachae\Documents\Personal\Backend\riesgo-psicosocial-api)
2026-09-17 16:18:29,546 INFO  com.riesgopsicosocial.RiesgoPsicosocialApiApplication - The following 1 profile is active: "dev"
2026-09-17 16:18:29,586 INFO  org.springframework.boot.devtools.env.DevToolsPropertyDefaultsPostProcessor - Devtools property defaults active! Set 'spring.devtools.add-properties' to 'false' to disable
2026-09-17 16:18:29,586 INFO  org.springframework.boot.devtools.env.DevToolsPropertyDefaultsPostProcessor - For additional web related logging consider setting the 'logging.level.web' property to 'DEBUG'
2026-09-17 16:18:30,323 INFO  org.springframework.data.repository.config.RepositoryConfigurationDelegate - Bootstrapping Spring Data JPA repositories in DEFAULT mode.
2026-09-17 16:18:30,463 INFO  org.springframework.data.repository.config.RepositoryConfigurationDelegate - Finished Spring Data repository scanning in 131 ms. Found 31 JPA repository interfaces.
2026-09-17 16:18:30,931 INFO  org.springframework.boot.web.embedded.tomcat.TomcatWebServer - Tomcat initialized with port 8080 (http)
2026-09-17 16:18:30,945 INFO  org.apache.catalina.core.StandardService - Starting service [Tomcat]
2026-09-17 16:18:30,945 INFO  org.apache.catalina.core.StandardEngine - Starting Servlet engine: [Apache Tomcat/10.1.55]
2026-09-17 16:18:30,992 INFO  org.apache.catalina.core.ContainerBase.[Tomcat].[localhost].[/api] - Initializing Spring embedded WebApplicationContext
2026-09-17 16:18:30,992 INFO  org.springframework.boot.web.servlet.context.ServletWebServerApplicationContext - Root WebApplicationContext: initialization completed in 1406 ms
2026-09-17 16:18:31,226 INFO  com.zaxxer.hikari.HikariDataSource - HikariPool-1 - Starting...
2026-09-17 16:18:31,387 INFO  com.zaxxer.hikari.pool.HikariPool - HikariPool-1 - Added connection org.postgresql.jdbc.PgConnection@7d312d25
2026-09-17 16:18:31,389 INFO  com.zaxxer.hikari.HikariDataSource - HikariPool-1 - Start completed.
2026-09-17 16:18:31,416 INFO  org.flywaydb.core.FlywayExecutor - Database: jdbc:postgresql://localhost:5432/bateria_psicosocial (PostgreSQL 16.12)
2026-09-17 16:18:31,462 INFO  org.flywaydb.core.internal.command.DbValidate - Successfully validated 1 migration (execution time 00:00.025s)
2026-09-17 16:18:31,517 INFO  org.flywaydb.core.internal.command.DbMigrate - Current version of schema "public": 1
2026-09-17 16:18:31,521 INFO  org.flywaydb.core.internal.command.DbMigrate - Schema "public" is up to date. No migration necessary.
2026-09-17 16:18:31,613 INFO  org.hibernate.jpa.internal.util.LogHelper - HHH000204: Processing PersistenceUnitInfo [name: default]
2026-09-17 16:18:31,654 INFO  org.hibernate.Version - HHH000412: Hibernate ORM core version 6.6.53.Final
2026-09-17 16:18:31,679 INFO  org.hibernate.cache.internal.RegionFactoryInitiator - HHH000026: Second-level cache disabled
2026-09-17 16:18:31,894 INFO  org.springframework.orm.jpa.persistenceunit.SpringPersistenceUnitInfo - No LoadTimeWeaver setup: ignoring JPA class transformer
2026-09-17 16:18:31,963 INFO  org.hibernate.orm.connections.pooling - HHH10001005: Database info:
	Database JDBC URL [Connecting through datasource 'HikariDataSource (HikariPool-1)']
	Database driver: undefined/unknown
	Database version: 16.12
	Autocommit mode: undefined/unknown
	Isolation level: undefined/unknown
	Minimum pool size: undefined/unknown
	Maximum pool size: undefined/unknown
2026-09-17 16:18:32,990 INFO  org.hibernate.engine.transaction.jta.platform.internal.JtaPlatformInitiator - HHH000489: No JTA platform available (set 'hibernate.transaction.jta.platform' to enable JTA platform integration)
2026-09-17 16:18:33,034 INFO  org.springframework.orm.jpa.LocalContainerEntityManagerFactoryBean - Initialized JPA EntityManagerFactory for persistence unit 'default'
2026-09-17 16:18:34,114 WARN  org.springframework.boot.devtools.autoconfigure.OptionalLiveReloadServer - Unable to start LiveReload server
2026-09-17 16:18:34,137 WARN  org.springframework.boot.web.servlet.context.AnnotationConfigServletWebServerApplicationContext - Exception encountered during context initialization - cancelling refresh attempt: org.springframework.context.ApplicationContextException: Failed to start bean 'webServerStartStop'
2026-09-17 16:18:34,143 INFO  org.springframework.orm.jpa.LocalContainerEntityManagerFactoryBean - Closing JPA EntityManagerFactory for persistence unit 'default'
2026-09-17 16:18:34,146 INFO  com.zaxxer.hikari.HikariDataSource - HikariPool-1 - Shutdown initiated...
2026-09-17 16:18:34,153 INFO  com.zaxxer.hikari.HikariDataSource - HikariPool-1 - Shutdown completed.
2026-09-17 16:18:34,170 INFO  org.springframework.boot.autoconfigure.logging.ConditionEvaluationReportLogger - 

Error starting ApplicationContext. To display the condition evaluation report re-run your application with 'debug' enabled.
2026-09-17 16:18:34,184 ERROR org.springframework.boot.diagnostics.LoggingFailureAnalysisReporter - 

***************************
APPLICATION FAILED TO START
***************************

Description:

Web server failed to start. Port 8080 was already in use.

Action:

Identify and stop the process that's listening on port 8080 or configure this application to listen on another port.

2026-09-17 16:21:03,374 INFO  org.apache.catalina.core.ContainerBase.[Tomcat].[localhost].[/api] - Initializing Spring DispatcherServlet 'dispatcherServlet'
2026-09-17 16:21:03,374 INFO  org.springframework.web.servlet.DispatcherServlet - Initializing Servlet 'dispatcherServlet'
2026-09-17 16:21:03,375 INFO  org.springframework.web.servlet.DispatcherServlet - Completed initialization in 1 ms
2026-09-17 16:21:04,327 INFO  org.springdoc.api.AbstractOpenApiResource - Init duration for springdoc-openapi is: 903 ms
2026-09-17 16:21:13,843 ERROR com.riesgopsicosocial.shared.exception.GlobalExceptionHandler - Error no controlado
org.springframework.web.servlet.resource.NoResourceFoundException: No static resource escalas.
	at org.springframework.web.servlet.resource.ResourceHttpRequestHandler.handleRequest(ResourceHttpRequestHandler.java:585)
	at org.springframework.web.servlet.mvc.HttpRequestHandlerAdapter.handle(HttpRequestHandlerAdapter.java:52)
	at org.springframework.web.servlet.DispatcherServlet.doDispatch(DispatcherServlet.java:1089)
	at org.springframework.web.servlet.DispatcherServlet.doService(DispatcherServlet.java:979)
	at org.springframework.web.servlet.FrameworkServlet.processRequest(FrameworkServlet.java:1014)
	at org.springframework.web.servlet.FrameworkServlet.doGet(FrameworkServlet.java:903)
	at jakarta.servlet.http.HttpServlet.service(HttpServlet.java:564)
	at org.springframework.web.servlet.FrameworkServlet.service(FrameworkServlet.java:885)
	at jakarta.servlet.http.HttpServlet.service(HttpServlet.java:658)
	at org.apache.catalina.core.ApplicationFilterChain.internalDoFilter(ApplicationFilterChain.java:193)
	at org.apache.catalina.core.ApplicationFilterChain.doFilter(ApplicationFilterChain.java:138)
	at org.apache.tomcat.websocket.server.WsFilter.doFilter(WsFilter.java:51)
	at org.apache.catalina.core.ApplicationFilterChain.internalDoFilter(ApplicationFilterChain.java:162)
	at org.apache.catalina.core.ApplicationFilterChain.doFilter(ApplicationFilterChain.java:138)
	at org.springframework.web.filter.RequestContextFilter.doFilterInternal(RequestContextFilter.java:100)
	at org.springframework.web.filter.OncePerRequestFilter.doFilter(OncePerRequestFilter.java:116)
	at org.apache.catalina.core.ApplicationFilterChain.internalDoFilter(ApplicationFilterChain.java:162)
	at org.apache.catalina.core.ApplicationFilterChain.doFilter(ApplicationFilterChain.java:138)
	at org.springframework.web.filter.FormContentFilter.doFilterInternal(FormContentFilter.java:93)
	at org.springframework.web.filter.OncePerRequestFilter.doFilter(OncePerRequestFilter.java:116)
	at org.apache.catalina.core.ApplicationFilterChain.internalDoFilter(ApplicationFilterChain.java:162)
	at org.apache.catalina.core.ApplicationFilterChain.doFilter(ApplicationFilterChain.java:138)
	at org.springframework.web.filter.CharacterEncodingFilter.doFilterInternal(CharacterEncodingFilter.java:201)
	at org.springframework.web.filter.OncePerRequestFilter.doFilter(OncePerRequestFilter.java:116)
	at org.apache.catalina.core.ApplicationFilterChain.internalDoFilter(ApplicationFilterChain.java:162)
	at org.apache.catalina.core.ApplicationFilterChain.doFilter(ApplicationFilterChain.java:138)
	at org.apache.catalina.core.StandardWrapperValve.invoke(StandardWrapperValve.java:165)
	at org.apache.catalina.core.StandardContextValve.invoke(StandardContextValve.java:88)
	at org.apache.catalina.authenticator.AuthenticatorBase.invoke(AuthenticatorBase.java:492)
	at org.apache.catalina.core.StandardHostValve.invoke(StandardHostValve.java:113)
	at org.apache.catalina.valves.ErrorReportValve.invoke(ErrorReportValve.java:83)
	at org.apache.catalina.core.StandardEngineValve.invoke(StandardEngineValve.java:72)
	at org.apache.catalina.connector.CoyoteAdapter.service(CoyoteAdapter.java:342)
	at org.apache.coyote.http11.Http11Processor.service(Http11Processor.java:399)
	at org.apache.coyote.AbstractProcessorLight.process(AbstractProcessorLight.java:63)
	at org.apache.coyote.AbstractProtocol$ConnectionHandler.process(AbstractProtocol.java:1272)
	at org.apache.tomcat.util.net.NioEndpoint$SocketProcessor.doRun(NioEndpoint.java:1797)
	at org.apache.tomcat.util.net.SocketProcessorBase.run(SocketProcessorBase.java:52)
	at org.apache.tomcat.util.threads.ThreadPoolExecutor.runWorker(ThreadPoolExecutor.java:973)
	at org.apache.tomcat.util.threads.ThreadPoolExecutor$Worker.run(ThreadPoolExecutor.java:491)
	at org.apache.tomcat.util.threads.TaskThread$WrappingRunnable.run(TaskThread.java:63)
	at java.base/java.lang.Thread.run(Thread.java:840)
2026-09-17 16:21:13,849 WARN  org.springframework.web.servlet.mvc.method.annotation.ExceptionHandlerExceptionResolver - Resolved [org.springframework.web.servlet.resource.NoResourceFoundException: No static resource escalas.]
2026-09-17 16:21:13,949 ERROR com.riesgopsicosocial.shared.exception.GlobalExceptionHandler - Error no controlado
org.springframework.web.servlet.resource.NoResourceFoundException: No static resource opciones-respuesta.
	at org.springframework.web.servlet.resource.ResourceHttpRequestHandler.handleRequest(ResourceHttpRequestHandler.java:585)
	at org.springframework.web.servlet.mvc.HttpRequestHandlerAdapter.handle(HttpRequestHandlerAdapter.java:52)
	at org.springframework.web.servlet.DispatcherServlet.doDispatch(DispatcherServlet.java:1089)
	at org.springframework.web.servlet.DispatcherServlet.doService(DispatcherServlet.java:979)
	at org.springframework.web.servlet.FrameworkServlet.processRequest(FrameworkServlet.java:1014)
	at org.springframework.web.servlet.FrameworkServlet.doGet(FrameworkServlet.java:903)
	at jakarta.servlet.http.HttpServlet.service(HttpServlet.java:564)
	at org.springframework.web.servlet.FrameworkServlet.service(FrameworkServlet.java:885)
	at jakarta.servlet.http.HttpServlet.service(HttpServlet.java:658)
	at org.apache.catalina.core.ApplicationFilterChain.internalDoFilter(ApplicationFilterChain.java:193)
	at org.apache.catalina.core.ApplicationFilterChain.doFilter(ApplicationFilterChain.java:138)
	at org.apache.tomcat.websocket.server.WsFilter.doFilter(WsFilter.java:51)
	at org.apache.catalina.core.ApplicationFilterChain.internalDoFilter(ApplicationFilterChain.java:162)
	at org.apache.catalina.core.ApplicationFilterChain.doFilter(ApplicationFilterChain.java:138)
	at org.springframework.web.filter.RequestContextFilter.doFilterInternal(RequestContextFilter.java:100)
	at org.springframework.web.filter.OncePerRequestFilter.doFilter(OncePerRequestFilter.java:116)
	at org.apache.catalina.core.ApplicationFilterChain.internalDoFilter(ApplicationFilterChain.java:162)
	at org.apache.catalina.core.ApplicationFilterChain.doFilter(ApplicationFilterChain.java:138)
	at org.springframework.web.filter.FormContentFilter.doFilterInternal(FormContentFilter.java:93)
	at org.springframework.web.filter.OncePerRequestFilter.doFilter(OncePerRequestFilter.java:116)
	at org.apache.catalina.core.ApplicationFilterChain.internalDoFilter(ApplicationFilterChain.java:162)
	at org.apache.catalina.core.ApplicationFilterChain.doFilter(ApplicationFilterChain.java:138)
	at org.springframework.web.filter.CharacterEncodingFilter.doFilterInternal(CharacterEncodingFilter.java:201)
	at org.springframework.web.filter.OncePerRequestFilter.doFilter(OncePerRequestFilter.java:116)
	at org.apache.catalina.core.ApplicationFilterChain.internalDoFilter(ApplicationFilterChain.java:162)
	at org.apache.catalina.core.ApplicationFilterChain.doFilter(ApplicationFilterChain.java:138)
	at org.apache.catalina.core.StandardWrapperValve.invoke(StandardWrapperValve.java:165)
	at org.apache.catalina.core.StandardContextValve.invoke(StandardContextValve.java:88)
	at org.apache.catalina.authenticator.AuthenticatorBase.invoke(AuthenticatorBase.java:492)
	at org.apache.catalina.core.StandardHostValve.invoke(StandardHostValve.java:113)
	at org.apache.catalina.valves.ErrorReportValve.invoke(ErrorReportValve.java:83)
	at org.apache.catalina.core.StandardEngineValve.invoke(StandardEngineValve.java:72)
	at org.apache.catalina.connector.CoyoteAdapter.service(CoyoteAdapter.java:342)
	at org.apache.coyote.http11.Http11Processor.service(Http11Processor.java:399)
	at org.apache.coyote.AbstractProcessorLight.process(AbstractProcessorLight.java:63)
	at org.apache.coyote.AbstractProtocol$ConnectionHandler.process(AbstractProtocol.java:1272)
	at org.apache.tomcat.util.net.NioEndpoint$SocketProcessor.doRun(NioEndpoint.java:1797)
	at org.apache.tomcat.util.net.SocketProcessorBase.run(SocketProcessorBase.java:52)
	at org.apache.tomcat.util.threads.ThreadPoolExecutor.runWorker(ThreadPoolExecutor.java:973)
	at org.apache.tomcat.util.threads.ThreadPoolExecutor$Worker.run(ThreadPoolExecutor.java:491)
	at org.apache.tomcat.util.threads.TaskThread$WrappingRunnable.run(TaskThread.java:63)
	at java.base/java.lang.Thread.run(Thread.java:840)
2026-09-17 16:21:13,950 WARN  org.springframework.web.servlet.mvc.method.annotation.ExceptionHandlerExceptionResolver - Resolved [org.springframework.web.servlet.resource.NoResourceFoundException: No static resource opciones-respuesta.]
2026-09-17 16:21:16,054 ERROR com.riesgopsicosocial.shared.exception.GlobalExceptionHandler - Error no controlado
org.springframework.web.servlet.resource.NoResourceFoundException: No static resource ciudades-municipio.
	at org.springframework.web.servlet.resource.ResourceHttpRequestHandler.handleRequest(ResourceHttpRequestHandler.java:585)
	at org.springframework.web.servlet.mvc.HttpRequestHandlerAdapter.handle(HttpRequestHandlerAdapter.java:52)
	at org.springframework.web.servlet.DispatcherServlet.doDispatch(DispatcherServlet.java:1089)
	at org.springframework.web.servlet.DispatcherServlet.doService(DispatcherServlet.java:979)
	at org.springframework.web.servlet.FrameworkServlet.processRequest(FrameworkServlet.java:1014)
	at org.springframework.web.servlet.FrameworkServlet.doGet(FrameworkServlet.java:903)
	at jakarta.servlet.http.HttpServlet.service(HttpServlet.java:564)
	at org.springframework.web.servlet.FrameworkServlet.service(FrameworkServlet.java:885)
	at jakarta.servlet.http.HttpServlet.service(HttpServlet.java:658)
	at org.apache.catalina.core.ApplicationFilterChain.internalDoFilter(ApplicationFilterChain.java:193)
	at org.apache.catalina.core.ApplicationFilterChain.doFilter(ApplicationFilterChain.java:138)
	at org.apache.tomcat.websocket.server.WsFilter.doFilter(WsFilter.java:51)
	at org.apache.catalina.core.ApplicationFilterChain.internalDoFilter(ApplicationFilterChain.java:162)
	at org.apache.catalina.core.ApplicationFilterChain.doFilter(ApplicationFilterChain.java:138)
	at org.springframework.web.filter.RequestContextFilter.doFilterInternal(RequestContextFilter.java:100)
	at org.springframework.web.filter.OncePerRequestFilter.doFilter(OncePerRequestFilter.java:116)
	at org.apache.catalina.core.ApplicationFilterChain.internalDoFilter(ApplicationFilterChain.java:162)
	at org.apache.catalina.core.ApplicationFilterChain.doFilter(ApplicationFilterChain.java:138)
	at org.springframework.web.filter.FormContentFilter.doFilterInternal(FormContentFilter.java:93)
	at org.springframework.web.filter.OncePerRequestFilter.doFilter(OncePerRequestFilter.java:116)
	at org.apache.catalina.core.ApplicationFilterChain.internalDoFilter(ApplicationFilterChain.java:162)
	at org.apache.catalina.core.ApplicationFilterChain.doFilter(ApplicationFilterChain.java:138)
	at org.springframework.web.filter.CharacterEncodingFilter.doFilterInternal(CharacterEncodingFilter.java:201)
	at org.springframework.web.filter.OncePerRequestFilter.doFilter(OncePerRequestFilter.java:116)
	at org.apache.catalina.core.ApplicationFilterChain.internalDoFilter(ApplicationFilterChain.java:162)
	at org.apache.catalina.core.ApplicationFilterChain.doFilter(ApplicationFilterChain.java:138)
	at org.apache.catalina.core.StandardWrapperValve.invoke(StandardWrapperValve.java:165)
	at org.apache.catalina.core.StandardContextValve.invoke(StandardContextValve.java:88)
	at org.apache.catalina.authenticator.AuthenticatorBase.invoke(AuthenticatorBase.java:492)
	at org.apache.catalina.core.StandardHostValve.invoke(StandardHostValve.java:113)
	at org.apache.catalina.valves.ErrorReportValve.invoke(ErrorReportValve.java:83)
	at org.apache.catalina.core.StandardEngineValve.invoke(StandardEngineValve.java:72)
	at org.apache.catalina.connector.CoyoteAdapter.service(CoyoteAdapter.java:342)
	at org.apache.coyote.http11.Http11Processor.service(Http11Processor.java:399)
	at org.apache.coyote.AbstractProcessorLight.process(AbstractProcessorLight.java:63)
	at org.apache.coyote.AbstractProtocol$ConnectionHandler.process(AbstractProtocol.java:1272)
	at org.apache.tomcat.util.net.NioEndpoint$SocketProcessor.doRun(NioEndpoint.java:1797)
	at org.apache.tomcat.util.net.SocketProcessorBase.run(SocketProcessorBase.java:52)
	at org.apache.tomcat.util.threads.ThreadPoolExecutor.runWorker(ThreadPoolExecutor.java:973)
	at org.apache.tomcat.util.threads.ThreadPoolExecutor$Worker.run(ThreadPoolExecutor.java:491)
	at org.apache.tomcat.util.threads.TaskThread$WrappingRunnable.run(TaskThread.java:63)
	at java.base/java.lang.Thread.run(Thread.java:840)
2026-09-17 16:21:16,055 WARN  org.springframework.web.servlet.mvc.method.annotation.ExceptionHandlerExceptionResolver - Resolved [org.springframework.web.servlet.resource.NoResourceFoundException: No static resource ciudades-municipio.]
2026-09-17 16:22:15,757 WARN  org.springframework.web.servlet.mvc.method.annotation.ExceptionHandlerExceptionResolver - Resolved [com.riesgopsicosocial.shared.exception.BusinessException: La opción de respuesta seleccionada no tiene un valor definido para la escala de esta pregunta]
2026-09-17 16:22:15,818 WARN  org.springframework.web.servlet.mvc.method.annotation.ExceptionHandlerExceptionResolver - Resolved [com.riesgopsicosocial.shared.exception.ResourceNotFoundException: Pregunta no encontrada con id: 999999]
2026-09-17 17:34:49,282 INFO  org.springframework.boot.web.embedded.tomcat.GracefulShutdown - Commencing graceful shutdown. Waiting for active requests to complete
2026-09-17 17:34:49,555 INFO  org.springframework.boot.web.embedded.tomcat.GracefulShutdown - Graceful shutdown complete
2026-09-17 17:34:49,574 INFO  org.springframework.orm.jpa.LocalContainerEntityManagerFactoryBean - Closing JPA EntityManagerFactory for persistence unit 'default'
2026-09-17 17:34:49,593 INFO  com.zaxxer.hikari.HikariDataSource - HikariPool-1 - Shutdown initiated...
2026-09-17 17:34:49,608 INFO  com.zaxxer.hikari.HikariDataSource - HikariPool-1 - Shutdown completed.
